type,name,module,path,hash
"csv","agent-manifest","_config","_config/agent-manifest.csv","71512ec9813940fba66b8286cc7bfbd43665a89decc19e39aab9b005c192bbdd"
"csv","task-manifest","_config","_config/task-manifest.csv","4d40aa929231dc109a3e2183cf0238e77340e7f2d884045bde4e334d04571bd6"
"csv","workflow-manifest","_config","_config/workflow-manifest.csv","a18bf97b28cb30df93d4f1032d0b9fcf278ca9b9518536185e0087bef32676e7"
"yaml","manifest","_config","_config/manifest.yaml","8999206dbb7fdf5b587dc49fe06099ebce38d7f443426098777647c53a18fc24"
"md","documentation-standards","_memory","_memory/tech-writer-sidecar/documentation-standards.md","b046192ee42fcd1a3e9b2ae6911a0db38510323d072c8d75bad0594f943039e4"
"md","stories-told","_memory","_memory/storyteller-sidecar/stories-told.md","47ee9e599595f3d9daf96d47bcdacf55eeb69fbe5572f6b08a8f48c543bc62de"
"md","story-preferences","_memory","_memory/storyteller-sidecar/story-preferences.md","b70dbb5baf3603fdac12365ef24610685cba3b68a9bc41b07bbe455cbdcc0178"
"yaml","config","_memory","_memory/config.yaml","2344d40ba48cba64c68099fd0b32a4698eaf395350e82fe9a30f248b4d56e9c3"
"csv","default-party","bmm","bmm/teams/default-party.csv","5af107a5b9e9092aeb81bd8c8b9bbe7003afb7bc500e64d56da7cc27ae0c4a6e"
"csv","documentation-requirements","bmm","bmm/workflows/document-project/documentation-requirements.csv","d1253b99e88250f2130516b56027ed706e643bfec3d99316727a4c6ec65c6c1d"
"csv","domain-complexity","bmm","bmm/workflows/2-plan-workflows/create-prd/data/domain-complexity.csv","f775f09fb4dc1b9214ca22db4a3994ce53343d976d7f6e5384949835db6d2770"
"csv","domain-complexity","bmm","bmm/workflows/3-solutioning/create-architecture/data/domain-complexity.csv","3dc34ed39f1fc79a51f7b8fc92087edb7cd85c4393a891d220f2e8dd5a101c70"
"csv","module-help","bmm","bmm/module-help.csv","8013719913cfeef49b3101d9bc2873741e9f2e2e0fdcf17c461d5c87f9b59b82"
"csv","project-types","bmm","bmm/workflows/2-plan-workflows/create-prd/data/project-types.csv","7a01d336e940fb7a59ff450064fd1194cdedda316370d939264a0a0adcc0aca3"
"csv","project-types","bmm","bmm/workflows/3-solutioning/create-architecture/data/project-types.csv","12343635a2f11343edb1d46906981d6f5e12b9cad2f612e13b09460b5e5106e7"
"json","project-scan-report-schema","bmm","bmm/workflows/document-project/templates/project-scan-report-schema.json","8466965321f1db22f5013869636199f67e0113706283c285a7ffbbf5efeea321"
"md","architecture-decision-template","bmm","bmm/workflows/3-solutioning/create-architecture/architecture-decision-template.md","5d9adf90c28df61031079280fd2e49998ec3b44fb3757c6a202cda353e172e9f"
"md","checklist","bmm","bmm/workflows/4-implementation/code-review/checklist.md","e30d2890ba5c50777bbe04071f754e975a1d7ec168501f321a79169c4201dd28"
"md","checklist","bmm","bmm/workflows/4-implementation/correct-course/checklist.md","8420f652601d4ae1bb83e451b6b32b91544b09c4126320adf57aac624fb5907a"
"md","checklist","bmm","bmm/workflows/4-implementation/create-story/checklist.md","0694a44014e15c7724b6268b6d96a41cbbdb7a9a33597d787078e652f4223280"
"md","checklist","bmm","bmm/workflows/4-implementation/dev-story/checklist.md","630b68c6824a8785003a65553c1f335222b17be93b1bd80524c23b38bde1d8af"
"md","checklist","bmm","bmm/workflows/4-implementation/sprint-planning/checklist.md","80b10aedcf88ab1641b8e5f99c9a400c8fd9014f13ca65befc5c83992e367dd7"
"md","checklist","bmm","bmm/workflows/document-project/checklist.md","581b0b034c25de17ac3678db2dbafedaeb113de37ddf15a4df6584cf2324a7d7"
"md","checklist","bmm","bmm/workflows/qa-generate-e2e-tests/checklist.md","83cd779c6527ff34184dc86f9eebfc0a8a921aee694f063208aee78f80a8fb12"
"md","deep-dive-instructions","bmm","bmm/workflows/document-project/workflows/deep-dive-instructions.md","e0d6c3e7103dbff35e1faee7a6dc90db75049344644ad9d90321cb65f2b8d500"
"md","deep-dive-template","bmm","bmm/workflows/document-project/templates/deep-dive-template.md","6198aa731d87d6a318b5b8d180fc29b9aa53ff0966e02391c17333818e94ffe9"
"md","deep-dive-workflow","bmm","bmm/workflows/document-project/workflows/deep-dive-workflow.md","cb9cc1731b606c2d147ed4dbb988d2b6658f3330fcc84cc2c71b7e3d9082cd20"
"md","discover-inputs","bmm","bmm/workflows/4-implementation/code-review/discover-inputs.md","dfedba6a8ea05c9a91c6d202c4b29ee3ea793d8ef77575034787ae0fef280507"
"md","discover-inputs","bmm","bmm/workflows/4-implementation/create-story/discover-inputs.md","dfedba6a8ea05c9a91c6d202c4b29ee3ea793d8ef77575034787ae0fef280507"
"md","epics-template","bmm","bmm/workflows/3-solutioning/create-epics-and-stories/templates/epics-template.md","a804f740155156d89661fa04e7a4264a8f712c4dc227c44fd8ae804a9b0f6b72"
"md","full-scan-instructions","bmm","bmm/workflows/document-project/workflows/full-scan-instructions.md","bda383bac15425367ccb2b0ab4c9c8e75021a89bb2825c5513193cbb065d8e43"
"md","full-scan-workflow","bmm","bmm/workflows/document-project/workflows/full-scan-workflow.md","906d46349ac14a59c7a71133dc39acebbcf3b046e1c65d96012f25aabc35e4de"
"md","index-template","bmm","bmm/workflows/document-project/templates/index-template.md","42c8a14f53088e4fda82f26a3fe41dc8a89d4bcb7a9659dd696136378b64ee90"
"md","instructions","bmm","bmm/workflows/document-project/instructions.md","420dc9ec1aa4ff79d252c5a32258b03c68c326534267b4258f30069c3cfcb0dc"
"md","prd-purpose","bmm","bmm/workflows/2-plan-workflows/create-prd/data/prd-purpose.md","49c4641b91504bb14e3887029b70beacaff83a2de200ced4f8cb11c1356ecaee"
"md","prd-template","bmm","bmm/workflows/2-plan-workflows/create-prd/templates/prd-template.md","7ccccab9c06a626b7a228783b0b9b6e4172e9ec0b10d47bbfab56958c898f837"
"md","product-brief.template","bmm","bmm/workflows/1-analysis/create-product-brief/product-brief.template.md","ae0f58b14455efd75a0d97ba68596a3f0b58f350cd1a0ee5b1af69540f949781"
"md","project-context-template","bmm","bmm/data/project-context-template.md","facd60b71649247146700b1dc7d709fa0ae09487f7cf2b5ff8f5ce1b3a8427e8"
"md","project-context-template","bmm","bmm/workflows/generate-project-context/project-context-template.md","54e351394ceceb0ac4b5b8135bb6295cf2c37f739c7fd11bb895ca16d79824a5"
"md","project-overview-template","bmm","bmm/workflows/document-project/templates/project-overview-template.md","a7c7325b75a5a678dca391b9b69b1e3409cfbe6da95e70443ed3ace164e287b2"
"md","readiness-report-template","bmm","bmm/workflows/3-solutioning/check-implementation-readiness/templates/readiness-report-template.md","0da97ab1e38818e642f36dc0ef24d2dae69fc6e0be59924dc2dbf44329738ff6"
"md","research.template","bmm","bmm/workflows/1-analysis/research/research.template.md","507bb6729476246b1ca2fca4693986d286a33af5529b6cd5cb1b0bb5ea9926ce"
"md","SKILL","bmm","bmm/workflows/bmad-quick-flow/bmad-quick-dev-new-preview/SKILL.md","85bea3740a3a65ea489f28add1add9177489108d43ffab2b2d2cc62cd7afff15"
"md","source-tree-template","bmm","bmm/workflows/document-project/templates/source-tree-template.md","109bc335ebb22f932b37c24cdc777a351264191825444a4d147c9b82a1e2ad7a"
"md","step-01-clarify-and-route","bmm","bmm/workflows/bmad-quick-flow/bmad-quick-dev-new-preview/steps/step-01-clarify-and-route.md","6999fcbbdc0192478ca41d79cdca5d568d21920519add3bb2f2390cf9fcbaace"
"md","step-01-discover","bmm","bmm/workflows/generate-project-context/steps/step-01-discover.md","4fa1d13ec3c6db8560b6b1316b822ec2163a58b114b44e9aff733b171ef50ebe"
"md","step-01-document-discovery","bmm","bmm/workflows/3-solutioning/check-implementation-readiness/steps/step-01-document-discovery.md","9204972d801c28a76433230942c81bacc171e6b6951d3226cea9e7ca5c9310f1"
"md","step-01-init","bmm","bmm/workflows/1-analysis/create-product-brief/steps/step-01-init.md","1d8a0a692c78b01535fad65b18c178a566ffa4c62d5b920c7cadea23ceb9697a"
"md","step-01-init","bmm","bmm/workflows/1-analysis/research/domain-steps/step-01-init.md","b21ec2af60870caba5447183424b720e98d1b9232526d26b8d7b11e9f165c52c"
"md","step-01-init","bmm","bmm/workflows/1-analysis/research/market-steps/step-01-init.md","b2b030bc59dfe516e67f19d66f9c6d44d745343ccf2d726d4106290704aecdbd"
"md","step-01-init","bmm","bmm/workflows/1-analysis/research/technical-steps/step-01-init.md","aa809f6b4f152940792f7b4d95f424aaf8c9ebd7628f553486d1bd55b68f9567"
"md","step-01-init","bmm","bmm/workflows/2-plan-workflows/create-prd/steps-c/step-01-init.md","6ad502fa5bf5639eaf6a42e8f0bc0f2b811e0a3fd2ae3a24ed3333365f99e23c"
"md","step-01-init","bmm","bmm/workflows/2-plan-workflows/create-ux-design/steps/step-01-init.md","e76defb842ed5478ec16b35d6566f5ab7ecd8118b92b240a40ab9a7a1e7d3d0b"
"md","step-01-init","bmm","bmm/workflows/3-solutioning/create-architecture/steps/step-01-init.md","b270fd38b2144acb87e07c7496929ddd096717fc6f141736c2e9d1f574458314"
"md","step-01-mode-detection","bmm","bmm/workflows/bmad-quick-flow/quick-dev/steps/step-01-mode-detection.md","4c3843e94643e8231adf460554d39551b0dcbd21ea875c20e55373f91d91381f"
"md","step-01-understand","bmm","bmm/workflows/bmad-quick-flow/quick-spec/steps/step-01-understand.md","24c2d3d3703a9330994a7008a93327702f9551453b0d373476ee83e15d10a514"
"md","step-01-validate-prerequisites","bmm","bmm/workflows/3-solutioning/create-epics-and-stories/steps/step-01-validate-prerequisites.md","e33db08b1557e4b2fd202dc81b71d6b219e098fb38f354c1a4c05d28b034cfc0"
"md","step-01b-continue","bmm","bmm/workflows/1-analysis/create-product-brief/steps/step-01b-continue.md","c32490fda5f5a3d5c278baad8e9f4bd793e03429a5bf42c31719e0d90c9a3973"
"md","step-01b-continue","bmm","bmm/workflows/2-plan-workflows/create-prd/steps-c/step-01b-continue.md","5afc3f34f6089a03e9c9a88f13cb41617a7ef163db15c2b39b31ab6908bfa7d6"
"md","step-01b-continue","bmm","bmm/workflows/2-plan-workflows/create-ux-design/steps/step-01b-continue.md","07703fb9ddacf143e7f9cd21e69edc7cf087052d1dc5841674c122d18bb3b956"
"md","step-01b-continue","bmm","bmm/workflows/3-solutioning/create-architecture/steps/step-01b-continue.md","438f14332117c74e5d12f7630690ada4eae4fdcd04e4f47dc689915fe757f101"
"md","step-02-context","bmm","bmm/workflows/3-solutioning/create-architecture/steps/step-02-context.md","751a3ee7e0a0a2a841cdf4229fee83ab1ec087c046d46ff9c663af913c37386f"
"md","step-02-context-gathering","bmm","bmm/workflows/bmad-quick-flow/quick-dev/steps/step-02-context-gathering.md","1c4df806dea12554aae0240e5baf5c1cffa5948d0998c8e2c4a93df40d7c42ef"
"md","step-02-customer-behavior","bmm","bmm/workflows/1-analysis/research/market-steps/step-02-customer-behavior.md","93d20ddbd5506bc1d604c3ce56b42185bfe6f34402c45760e4cb7bec627f52e9"
"md","step-02-design-epics","bmm","bmm/workflows/3-solutioning/create-epics-and-stories/steps/step-02-design-epics.md","4530ccd0ca4d3de39730968f060241d4ae0f134915cb000318f6cf6d9aadfd80"
"md","step-02-discovery","bmm","bmm/workflows/2-plan-workflows/create-prd/steps-c/step-02-discovery.md","8e7b79a03be7bde381982a10bde24ee75d0da7232689b8aab57a2084434cfbcc"
"md","step-02-discovery","bmm","bmm/workflows/2-plan-workflows/create-ux-design/steps/step-02-discovery.md","870c7bd11c00828b74fd36578dd954f9888237a8f769fb8626f3aa53ee7298f9"
"md","step-02-domain-analysis","bmm","bmm/workflows/1-analysis/research/domain-steps/step-02-domain-analysis.md","9c4eabbed87b6bfc4636c98e96e551f69af7ef78a92b3f99ac6faa90a921c4c5"
"md","step-02-generate","bmm","bmm/workflows/generate-project-context/steps/step-02-generate.md","3ac1c48f96c0a57ebafd7610b6868acaa321fad502a79f85633aea4580722dc8"
"md","step-02-investigate","bmm","bmm/workflows/bmad-quick-flow/quick-spec/steps/step-02-investigate.md","bacc264e95c273d17c7f9ffcf820b5924bab48e04824da69f125aadb86d70273"
"md","step-02-plan","bmm","bmm/workflows/bmad-quick-flow/bmad-quick-dev-new-preview/steps/step-02-plan.md","7867132934b97f7dca7a38d3070ac50f5e3f382e09046f609463a7d5a2987f6a"
"md","step-02-prd-analysis","bmm","bmm/workflows/3-solutioning/check-implementation-readiness/steps/step-02-prd-analysis.md","f8c4f293c0a040fa9f73829ffeabfa073d0a8ade583adaefb26431ec83a76398"
"md","step-02-technical-overview","bmm","bmm/workflows/1-analysis/research/technical-steps/step-02-technical-overview.md","a8b8c49649087e8d5afa278840bfe3ed2e8203c820dbe7878ac7571956d940e0"
"md","step-02-vision","bmm","bmm/workflows/1-analysis/create-product-brief/steps/step-02-vision.md","569aebbe151edc3e5c66c7ced0be1629fee5a8530c8e06a35b9d6339c157b11f"
"md","step-02b-vision","bmm","bmm/workflows/2-plan-workflows/create-prd/steps-c/step-02b-vision.md","2a86c28577961a8fc03a0076a7746a78b497389f917be472032638e759f0e64d"
"md","step-02c-executive-summary","bmm","bmm/workflows/2-plan-workflows/create-prd/steps-c/step-02c-executive-summary.md","94381d8cca5e9e84571c23e31ccb3d94e9c0788d53e172548a43f0817dc708fd"
"md","step-03-competitive-landscape","bmm","bmm/workflows/1-analysis/research/domain-steps/step-03-competitive-landscape.md","93b8fb9b174cc8dca87bd18dafda7a6ee23727874e7eb86106fd40d7daeb6fb0"
"md","step-03-complete","bmm","bmm/workflows/generate-project-context/steps/step-03-complete.md","cf8d1d1904aeddaddb043c3c365d026cd238891cd702c2b78bae032a8e08ae17"
"md","step-03-core-experience","bmm","bmm/workflows/2-plan-workflows/create-ux-design/steps/step-03-core-experience.md","75769a768fc2c4341ce9abab76184ad3d050fbc75d2a89a04faf1a307690aba6"
"md","step-03-create-stories","bmm","bmm/workflows/3-solutioning/create-epics-and-stories/steps/step-03-create-stories.md","d49ad895ac9c095a28e46e9bc4433fadec0095a4e603027e98559430fb57770e"
"md","step-03-customer-pain-points","bmm","bmm/workflows/1-analysis/research/market-steps/step-03-customer-pain-points.md","4a224fb63d2814a1e2df9b82e42cb2573dc7ffacdf4e61a14a4763c433431a16"
"md","step-03-epic-coverage-validation","bmm","bmm/workflows/3-solutioning/check-implementation-readiness/steps/step-03-epic-coverage-validation.md","f425bcac163b9ea63a004039ff65fffea3499d9e01a2821bb11e0e17e6b6fc52"
"md","step-03-execute","bmm","bmm/workflows/bmad-quick-flow/quick-dev/steps/step-03-execute.md","852fe6239e0322081d5208be4737bad0c15ab08f0c8b93fbddb94491b9931a01"
"md","step-03-generate","bmm","bmm/workflows/bmad-quick-flow/quick-spec/steps/step-03-generate.md","19f5d60629298536f98f1ed1025002836e02a49a30aebed0ed300a40f64f5dd6"
"md","step-03-implement","bmm","bmm/workflows/bmad-quick-flow/bmad-quick-dev-new-preview/steps/step-03-implement.md","6b3ef70305f5feb6dec051e180ce5a71e1e94bbaf8ef0551fca38aa6967dce2e"
"md","step-03-integration-patterns","bmm","bmm/workflows/1-analysis/research/technical-steps/step-03-integration-patterns.md","bb034b20b8c325c1948aa1c7350f0b7e68601a08ec72eb09884e4dae5d94554d"
"md","step-03-starter","bmm","bmm/workflows/3-solutioning/create-architecture/steps/step-03-starter.md","7e3468c11ec4fa7ab7e3b4e3615e9212bb5b6f1b344a7e7d9a503f12d499826d"
"md","step-03-success","bmm","bmm/workflows/2-plan-workflows/create-prd/steps-c/step-03-success.md","3f38ede1f4b2a8e498fc9be06d0ff09d907fc4b5521c26022ee5518e68d7bee9"
"md","step-03-users","bmm","bmm/workflows/1-analysis/create-product-brief/steps/step-03-users.md","4d65c289bab5746e725f74180c6d943f75cd964388d645fbf0d029c853a42200"
"md","step-04-architectural-patterns","bmm","bmm/workflows/1-analysis/research/technical-steps/step-04-architectural-patterns.md","81e4e6f5c6048379ea45d0d4288a7247ff46855653ec6fccf5bbef0e78778ca9"
"md","step-04-customer-decisions","bmm","bmm/workflows/1-analysis/research/market-steps/step-04-customer-decisions.md","8a0c46828854693a7de16e148c3c9eb08b42409a2676b9a44b3cdffe06a577b3"
"md","step-04-decisions","bmm","bmm/workflows/3-solutioning/create-architecture/steps/step-04-decisions.md","9a7c315db9fa2c906e6cb22ddc592f4f9607128dd8e729a8edc820143b36773a"
"md","step-04-emotional-response","bmm","bmm/workflows/2-plan-workflows/create-ux-design/steps/step-04-emotional-response.md","613bd3d350e0e645b74bf9c2490eba612fdf06cac40e53f2e2034d075689542e"
"md","step-04-final-validation","bmm","bmm/workflows/3-solutioning/create-epics-and-stories/steps/step-04-final-validation.md","ef2a8a889e1a74a092643ba5b72cfc4be0d33746bce16b57f2b8dcd4de64428f"
"md","step-04-journeys","bmm","bmm/workflows/2-plan-workflows/create-prd/steps-c/step-04-journeys.md","f3eecf7116bf38db9de745c912bb93bc540d3a327c090c9748e29f43deff75e6"
"md","step-04-metrics","bmm","bmm/workflows/1-analysis/create-product-brief/steps/step-04-metrics.md","84355180448bd75e0127f9ab468baf180767e4a4dbd1802e9279d0b4e79e79e0"
"md","step-04-regulatory-focus","bmm","bmm/workflows/1-analysis/research/domain-steps/step-04-regulatory-focus.md","179a82a4fdc32274a2ad3ce501b1b54ca1925b7ce9bcaad35503a9dd080e866a"
"md","step-04-review","bmm","bmm/workflows/bmad-quick-flow/bmad-quick-dev-new-preview/steps/step-04-review.md","26b2636cce55826cbefac196d23bd2de553fe7cca76607de7fa66019e08147b1"
"md","step-04-review","bmm","bmm/workflows/bmad-quick-flow/quick-spec/steps/step-04-review.md","d1e55010e16cf8b312c73ac943c4d684d817dafe1f5438979ac1c8abc1f129c1"
"md","step-04-self-check","bmm","bmm/workflows/bmad-quick-flow/quick-dev/steps/step-04-self-check.md","0dde0d5c75c3884d6b4d3380263721ad63e02c3d438a100cba3d5da4957c271b"
"md","step-04-ux-alignment","bmm","bmm/workflows/3-solutioning/check-implementation-readiness/steps/step-04-ux-alignment.md","d2e15adf2aecc2c72f9bb9051e94042fc522fd7cfb16376f41bdcdd294319703"
"md","step-05-adversarial-review","bmm","bmm/workflows/bmad-quick-flow/quick-dev/steps/step-05-adversarial-review.md","d02ed95c44c3355e766dc1a9d1a7bb199dadc01752c031e23fa1e7719010e611"
"md","step-05-competitive-analysis","bmm","bmm/workflows/1-analysis/research/market-steps/step-05-competitive-analysis.md","ff6f606a80ffaf09aa325e38a4ceb321b97019e6542241b2ed4e8eb38b35efa8"
"md","step-05-domain","bmm","bmm/workflows/2-plan-workflows/create-prd/steps-c/step-05-domain.md","ad688aa386a7563eed1e69c6e270bcf0b4c64a7fcf3bc17962d96b23244549ba"
"md","step-05-epic-quality-review","bmm","bmm/workflows/3-solutioning/check-implementation-readiness/steps/step-05-epic-quality-review.md","e7fd60676d6ade485de77ce2dd4229811912594cb924d6c15bae5d9bdf105a7d"
"md","step-05-implementation-research","bmm","bmm/workflows/1-analysis/research/technical-steps/step-05-implementation-research.md","438a235bcb2dbbacb4c38d440b1636a208d4cbe8b5d109cb850cbdfb564b9071"
"md","step-05-inspiration","bmm","bmm/workflows/2-plan-workflows/create-ux-design/steps/step-05-inspiration.md","2477888ca617dabef85e0cc3be7dd769e7bd6187b61a40f74f75286ff08a976a"
"md","step-05-patterns","bmm","bmm/workflows/3-solutioning/create-architecture/steps/step-05-patterns.md","a579d9af712a5c28af03786f4b4d6d3e65047e6708cd3f3d7e838d182b6ffb5e"
"md","step-05-present","bmm","bmm/workflows/bmad-quick-flow/bmad-quick-dev-new-preview/steps/step-05-present.md","3c4beff4af407440b6b9709172cc402f50bc9c86112156ed32a21e9bdfb69153"
"md","step-05-scope","bmm","bmm/workflows/1-analysis/create-product-brief/steps/step-05-scope.md","7873df1475b18dfc0a9f5c53e160e31a522b316600ddfe0322d44ba78068b1b3"
"md","step-05-technical-trends","bmm","bmm/workflows/1-analysis/research/domain-steps/step-05-technical-trends.md","210ef479757881d418db392ac38442d4df9033dedab7bdf8965503a83430ab55"
"md","step-06-complete","bmm","bmm/workflows/1-analysis/create-product-brief/steps/step-06-complete.md","f48a5284328b02a131585a84f3b8e3aff11902f51a619e0db056c71713fcfa09"
"md","step-06-design-system","bmm","bmm/workflows/2-plan-workflows/create-ux-design/steps/step-06-design-system.md","aa4e824cc79d81e15830eba2c51160900c2fd11eb4c631b78dd9d7b6e663019a"
"md","step-06-final-assessment","bmm","bmm/workflows/3-solutioning/check-implementation-readiness/steps/step-06-final-assessment.md","c45f5aabaf942ebb34ceb061246a886f8aa6e02df24d4556c40fe5fa3d2c0005"
"md","step-06-innovation","bmm","bmm/workflows/2-plan-workflows/create-prd/steps-c/step-06-innovation.md","2b67089e90777241be0dd120729ee8e4173569ac391d58127ffdab18beac6bbd"
"md","step-06-research-completion","bmm","bmm/workflows/1-analysis/research/market-steps/step-06-research-completion.md","ddc239b81dc76148b5b41741b3ca0d6d4a1f781e1db5e50d2c6b4222dd64eda9"
"md","step-06-research-synthesis","bmm","bmm/workflows/1-analysis/research/domain-steps/step-06-research-synthesis.md","ae7ea9eec7f763073e4e1ec7ef0dd247a2c9c8f8172c84cbcb0590986c67caa2"
"md","step-06-research-synthesis","bmm","bmm/workflows/1-analysis/research/technical-steps/step-06-research-synthesis.md","01d94ed48e86317754d1dafb328d57bd1ce8832c1f443bfd62413bbd07dcf3a1"
"md","step-06-resolve-findings","bmm","bmm/workflows/bmad-quick-flow/quick-dev/steps/step-06-resolve-findings.md","e657af6e3687e15852c860f018b73aa263bdcf6b9d544771a8c0c715581a2c99"
"md","step-06-structure","bmm","bmm/workflows/3-solutioning/create-architecture/steps/step-06-structure.md","23b8ffad4b7b0098b507cc397c15ca315e706daa9e0a37a0cd9e8c3a5190a46e"
"md","step-07-defining-experience","bmm","bmm/workflows/2-plan-workflows/create-ux-design/steps/step-07-defining-experience.md","f5421f2aab834d0b7fc7c57a48a30bf902f71322c96af989194dbe310a20ea57"
"md","step-07-project-type","bmm","bmm/workflows/2-plan-workflows/create-prd/steps-c/step-07-project-type.md","9310917946b9aaf52a98b838978c740d4d269b2589f9837ed1389a9731d64f4f"
"md","step-07-validation","bmm","bmm/workflows/3-solutioning/create-architecture/steps/step-07-validation.md","5012fa4e5477f0eeb39826fbfbfc19e7337c332a45e60d17852473a225624428"
"md","step-08-complete","bmm","bmm/workflows/3-solutioning/create-architecture/steps/step-08-complete.md","2bdb9f1a149eb8e075c734f086b977709baeeb3d7ca0c2c998997e3c0ce2f532"
"md","step-08-scoping","bmm","bmm/workflows/2-plan-workflows/create-prd/steps-c/step-08-scoping.md","be239ea04c8caa5b97974e7f7bb68054d71b3fce05af608c237d17d4ae2a1829"
"md","step-08-visual-foundation","bmm","bmm/workflows/2-plan-workflows/create-ux-design/steps/step-08-visual-foundation.md","9e9f5ac0f61f915aba59ed9fe9eb2859313408982be73f067d489207e41835ec"
"md","step-09-design-directions","bmm","bmm/workflows/2-plan-workflows/create-ux-design/steps/step-09-design-directions.md","5b762b019a7da8c6e667f4fe77291f23039630ff6bee6c2e1dd34622bef6c415"
"md","step-09-functional","bmm","bmm/workflows/2-plan-workflows/create-prd/steps-c/step-09-functional.md","c23b3279f361f4bdc26b7580647ce08de9c5087ee8b591482f9677b1256ac066"
"md","step-10-nonfunctional","bmm","bmm/workflows/2-plan-workflows/create-prd/steps-c/step-10-nonfunctional.md","778a4d276ca95da5e0ad307f3e996daab1fb55043489e26480c881b52d809ca0"
"md","step-10-user-journeys","bmm","bmm/workflows/2-plan-workflows/create-ux-design/steps/step-10-user-journeys.md","9de59d4694388e779b06b65eb6cd2a8d2b511fb4ca01a37656f0810c592df697"
"md","step-11-component-strategy","bmm","bmm/workflows/2-plan-workflows/create-ux-design/steps/step-11-component-strategy.md","1a5368437a5ab59a2632487c942c1fdbf96573c1cf8d3e34ad96268d36d21d38"
"md","step-11-polish","bmm","bmm/workflows/2-plan-workflows/create-prd/steps-c/step-11-polish.md","ad03456ac6dce64742f7a72f45b1d1d0ddc982cfe76ae768df18a2fe2d352812"
"md","step-12-complete","bmm","bmm/workflows/2-plan-workflows/create-prd/steps-c/step-12-complete.md","c33b9aa62e0bd3a555bc502187d14538ad6a09fce52c6087b02c89425a2e19d0"
"md","step-12-ux-patterns","bmm","bmm/workflows/2-plan-workflows/create-ux-design/steps/step-12-ux-patterns.md","6c06322fb09eca02ebb2fd0aaf900f83a17315e7dd9c076fdb18f966d34eb449"
"md","step-13-responsive-accessibility","bmm","bmm/workflows/2-plan-workflows/create-ux-design/steps/step-13-responsive-accessibility.md","eedb812af0fc1be10beb1b2f508344129c73b60e908a9c51fa99df6887452024"
"md","step-14-complete","bmm","bmm/workflows/2-plan-workflows/create-ux-design/steps/step-14-complete.md","86f794d384c767df35769a804b04b721fc93bab86a108990dc7abaf25a03ecab"
"md","step-e-01-discovery","bmm","bmm/workflows/2-plan-workflows/create-prd/steps-e/step-e-01-discovery.md","605740eae1d335846993d3968abf86a1b169a9035d5ce0c8c6296b9ded8c0df2"
"md","step-e-01b-legacy-conversion","bmm","bmm/workflows/2-plan-workflows/create-prd/steps-e/step-e-01b-legacy-conversion.md","e6bbe9020e6986a620fc0299a48e6c31c9d1ec14691df11be71baeb79837bc92"
"md","step-e-02-review","bmm","bmm/workflows/2-plan-workflows/create-prd/steps-e/step-e-02-review.md","c38392c68f4fa4d4c62190b2487007478785932e63e1f846f6ce3ac49748d6d3"
"md","step-e-03-edit","bmm","bmm/workflows/2-plan-workflows/create-prd/steps-e/step-e-03-edit.md","dfcc3e4f0b1ec050d4985af04dc02b28174a995e95327ca01ae4b8cac10cc1e5"
"md","step-e-04-complete","bmm","bmm/workflows/2-plan-workflows/create-prd/steps-e/step-e-04-complete.md","a1100f8639120311cbaf5a5a880db4e137216bc4bd0110b0926004107a99d3c3"
"md","step-v-01-discovery","bmm","bmm/workflows/2-plan-workflows/create-prd/steps-v/step-v-01-discovery.md","690ea262af11533cf41158bd469f45d18f7b48208678fa9cabbb20a20ee32ebc"
"md","step-v-02-format-detection","bmm","bmm/workflows/2-plan-workflows/create-prd/steps-v/step-v-02-format-detection.md","251ea5a1cf7779db2dc39d5d8317976a27f84b421359c1974ae96c0943094341"
"md","step-v-02b-parity-check","bmm","bmm/workflows/2-plan-workflows/create-prd/steps-v/step-v-02b-parity-check.md","3481beae212bb0140c105d0ae87bb9714859c93a471048048512fd1278da2fcd"
"md","step-v-03-density-validation","bmm","bmm/workflows/2-plan-workflows/create-prd/steps-v/step-v-03-density-validation.md","5b95ecd032fb65f86b7eee7ce7c30c997dc2a8b5e4846d88c2853538591a9e40"
"md","step-v-04-brief-coverage-validation","bmm","bmm/workflows/2-plan-workflows/create-prd/steps-v/step-v-04-brief-coverage-validation.md","97eb248c7d67e6e5121dd0b020409583998fba433799ea4c5c8cb40c7ff9c7c1"
"md","step-v-05-measurability-validation","bmm","bmm/workflows/2-plan-workflows/create-prd/steps-v/step-v-05-measurability-validation.md","2f331ee6d4f174dec0e4b434bf7691bfcf3a13c6ee0c47a65989badaa6b6a28c"
"md","step-v-06-traceability-validation","bmm","bmm/workflows/2-plan-workflows/create-prd/steps-v/step-v-06-traceability-validation.md","970ea67486211a611a701e1490ab7e8f2f98060a9f78760b6ebfdb9f37743c74"
"md","step-v-07-implementation-leakage-validation","bmm","bmm/workflows/2-plan-workflows/create-prd/steps-v/step-v-07-implementation-leakage-validation.md","f75d1d808fdf3d61b15bea55418b82df747f45902b6b22fe541e83b4ea3fa465"
"md","step-v-08-domain-compliance-validation","bmm","bmm/workflows/2-plan-workflows/create-prd/steps-v/step-v-08-domain-compliance-validation.md","a1902baaf4eaaf946e5c2c2101a1ac46f8ee4397e599218b8dc030cd00c97512"
"md","step-v-09-project-type-validation","bmm","bmm/workflows/2-plan-workflows/create-prd/steps-v/step-v-09-project-type-validation.md","d53e95264625335184284d3f9d0fc6e7674f67bdf97e19362fc33df4bea7f096"
"md","step-v-10-smart-validation","bmm","bmm/workflows/2-plan-workflows/create-prd/steps-v/step-v-10-smart-validation.md","7f542991658eea079964d302eca16bb16e90e78d5b9f654229461d5fb3623df8"
"md","step-v-11-holistic-quality-validation","bmm","bmm/workflows/2-plan-workflows/create-prd/steps-v/step-v-11-holistic-quality-validation.md","b2176b9a8ae29c8edac62647084e3ff0eb2135382ada5cb5b47797f7a14ec345"
"md","step-v-12-completeness-validation","bmm","bmm/workflows/2-plan-workflows/create-prd/steps-v/step-v-12-completeness-validation.md","c966933a0ca3753db75591325cef4d4bdaf9639a1a63f9438758d32f7e1a1dda"
"md","step-v-13-report-complete","bmm","bmm/workflows/2-plan-workflows/create-prd/steps-v/step-v-13-report-complete.md","920b8dca01073fca21e94d37260c5d2b668b5c44497a9facf884259d5d80824c"
"md","tech-spec-template","bmm","bmm/workflows/bmad-quick-flow/bmad-quick-dev-new-preview/tech-spec-template.md","5d253f505d7584633efe55fe7b16a5bbd630708a075542a0e5f6b563ef1218b2"
"md","tech-spec-template","bmm","bmm/workflows/bmad-quick-flow/quick-spec/tech-spec-template.md","6e0ac4991508fec75d33bbe36197e1576d7b2a1ea7ceba656d616e7d7dadcf03"
"md","template","bmm","bmm/workflows/4-implementation/create-story/template.md","29ba697368d77e88e88d0e7ac78caf7a78785a7dcfc291082aa96a62948afb67"
"md","ux-design-template","bmm","bmm/workflows/2-plan-workflows/create-ux-design/ux-design-template.md","ffa4b89376cd9db6faab682710b7ce755990b1197a8b3e16b17748656d1fca6a"
"md","workflow","bmm","bmm/workflows/1-analysis/create-product-brief/workflow.md","3b0efaebdc6440dc75c6a24c17cbbf8dfb9583bf089f64408a4acf1674d483ad"
"md","workflow","bmm","bmm/workflows/2-plan-workflows/create-ux-design/workflow.md","21298564b342294f62339eda1b81aad392fca43e10e48f924a69cc3414dfb32d"
"md","workflow","bmm","bmm/workflows/3-solutioning/check-implementation-readiness/workflow.md","15ccd00030fa9cf406d50d6a2bd43a8966f1112a1d6fbc5be410c39f3f546a26"
"md","workflow","bmm","bmm/workflows/3-solutioning/create-architecture/workflow.md","4c1463096de99ed9130e73161744240a246bd08f6e6b72d1f2a2e606ac910394"
"md","workflow","bmm","bmm/workflows/3-solutioning/create-epics-and-stories/workflow.md","0e25a2680563be198875936db9c80c40f483b1e199050a89aef20ccb2a5b7377"
"md","workflow","bmm","bmm/workflows/4-implementation/code-review/workflow.md","e2a819c06263a22f912dbed0f7218913d737dd7e8651950fe4bdb67ec002ca29"
"md","workflow","bmm","bmm/workflows/4-implementation/correct-course/workflow.md","35694d88f34c47b5873d127bd824d731312a36e9ed5aaa0baaec13081da28f17"
"md","workflow","bmm","bmm/workflows/4-implementation/create-story/workflow.md","0d75fda6fb737445343e07b82b68449f14558d4aec13973f8e4c82d2c267d4f3"
"md","workflow","bmm","bmm/workflows/4-implementation/dev-story/workflow.md","0712a04f568d9badf8d6180fda381633d605aaed7be7a3734bb48734474a131b"
"md","workflow","bmm","bmm/workflows/4-implementation/retrospective/workflow.md","15a10c2fb84638b4199dc86d5a5d57be7de95332636c9b0b64dea84c8e0cb81a"
"md","workflow","bmm","bmm/workflows/4-implementation/sprint-planning/workflow.md","f55bcdf4aec667a9e48449299af38c10f686743f356fa348d3f432e236eccf63"
"md","workflow","bmm","bmm/workflows/4-implementation/sprint-status/workflow.md","240d612a1405967ac09fb1fa37cb483d2876c0a5c2722dff7e1dacd44e1c0627"
"md","workflow","bmm","bmm/workflows/bmad-quick-flow/bmad-quick-dev-new-preview/workflow.md","f1b9a75d5d3f783eeb87d40ed1f8e03b601b8f28bfca54ccc8751e29954d2a08"
"md","workflow","bmm","bmm/workflows/bmad-quick-flow/quick-dev/workflow.md","58f4b07f5f89cf545720b21667d6b5effe6d3a587e2aae1dac669ddd51f66dd8"
"md","workflow","bmm","bmm/workflows/bmad-quick-flow/quick-spec/workflow.md","68fa7a13049bde191c0a1dcb02b3398cbf5f897964f09d193eee2d03f30885e7"
"md","workflow","bmm","bmm/workflows/document-project/workflow.md","36a81ba33624a6bd013286700bb6e48dc6447f54e623afa8cdc7ac515609b892"
"md","workflow","bmm","bmm/workflows/generate-project-context/workflow.md","cd5be4cd8e119c652680fd9c28add994be40c48e1fca1a78b31d10eb99a7a740"
"md","workflow","bmm","bmm/workflows/qa-generate-e2e-tests/workflow.md","8da478226943806db9b607469a2667292c19b62cebe6790bfbaf9d33166bc3bd"
"md","workflow-create-prd","bmm","bmm/workflows/2-plan-workflows/create-prd/workflow-create-prd.md","b4d7376adfa8a2ec5fd62da51d9b19d7da16411dcd43a81224652e784dd6646c"
"md","workflow-domain-research","bmm","bmm/workflows/1-analysis/research/workflow-domain-research.md","6f09e3bcbf6f156b9fb9477dfaf3c076f030fde3a39d8317bb2cf6316718658f"
"md","workflow-edit-prd","bmm","bmm/workflows/2-plan-workflows/create-prd/workflow-edit-prd.md","c1786ba087f0f3b2b819a58309cb0742b8a56eb94271fe870579561a721c7936"
"md","workflow-market-research","bmm","bmm/workflows/1-analysis/research/workflow-market-research.md","ad12c80e4848bee2cb20818af7970efee508abcc98b026c2f873d7fa6b5ad2a5"
"md","workflow-technical-research","bmm","bmm/workflows/1-analysis/research/workflow-technical-research.md","1b88ee75dbf6b45910d37885ebbfe7f7a6cf78215a2da9bc86067cb7a9ce4e94"
"md","workflow-validate-prd","bmm","bmm/workflows/2-plan-workflows/create-prd/workflow-validate-prd.md","fe170fe82e944eddd0fc25bf6554b5f38663907afa28e093d1c8140039c63af4"
"yaml","bmad-skill-manifest","bmm","bmm/agents/bmad-skill-manifest.yaml","973b7097e5504c980e7548bf71e1e296b4a6265f5f288a82f9930d65e15ddee9"
"yaml","bmad-skill-manifest","bmm","bmm/agents/tech-writer/bmad-skill-manifest.yaml","a46d895577ce3019fc6b5f5a4c76f58c53e669efd198df7feeeb1b26bd8be415"
"yaml","bmad-skill-manifest","bmm","bmm/workflows/1-analysis/create-product-brief/bmad-skill-manifest.yaml","42b3f3571fea49c442c71c311af493223664214f2a435242d522fe9c3e8f192c"
"yaml","bmad-skill-manifest","bmm","bmm/workflows/1-analysis/research/bmad-skill-manifest.yaml","dbd3f8bc37b868f5ce86c0e0ac6cfcd126a5ca3b9426712db1e248752ac1f252"
"yaml","bmad-skill-manifest","bmm","bmm/workflows/2-plan-workflows/create-prd/bmad-skill-manifest.yaml","f4f6ae2046d89f9c87d13b47ab77a4d26402f3e6c0ce5dec106361f54897e8b7"
"yaml","bmad-skill-manifest","bmm","bmm/workflows/2-plan-workflows/create-ux-design/bmad-skill-manifest.yaml","d1da4f5eeebb345e70feaaa2f6547d25fb5782703a7a893fc04f349e032778c7"
"yaml","bmad-skill-manifest","bmm","bmm/workflows/3-solutioning/check-implementation-readiness/bmad-skill-manifest.yaml","19b65a55a271e264532681d7d0f2abecbd5aa4c126558c49fc1c229776aeb388"
"yaml","bmad-skill-manifest","bmm","bmm/workflows/3-solutioning/create-architecture/bmad-skill-manifest.yaml","595c859cbcf14b408f4c3a09c7f31ce91a59eeb4ff77aaa52aaf9b731a9e7c58"
"yaml","bmad-skill-manifest","bmm","bmm/workflows/3-solutioning/create-epics-and-stories/bmad-skill-manifest.yaml","a17a1f0f8e2987bb468784218a254259f50f2b5e4692a56657de969118722ea5"
"yaml","bmad-skill-manifest","bmm","bmm/workflows/4-implementation/code-review/bmad-skill-manifest.yaml","4a9c72a8014f9a1038307233317bf44af3c44a08b4db853a4a876426c98a839b"
"yaml","bmad-skill-manifest","bmm","bmm/workflows/4-implementation/correct-course/bmad-skill-manifest.yaml","beda6984417f575c941bbbff2a7c4d1b6e9df842e26dc034d70918a9ebe5f9cc"
"yaml","bmad-skill-manifest","bmm","bmm/workflows/4-implementation/create-story/bmad-skill-manifest.yaml","f0738eabb5dd9597bd2abdaddf08869526cfab2c8f327d98d4b2ddabd937233f"
"yaml","bmad-skill-manifest","bmm","bmm/workflows/4-implementation/dev-story/bmad-skill-manifest.yaml","b9117960489c052f86cdfba018b2bf250fdc52013df7b7290b9b040cc8f76f71"
"yaml","bmad-skill-manifest","bmm","bmm/workflows/4-implementation/retrospective/bmad-skill-manifest.yaml","8332aecb7b8a20876ad36a50f5766f4e2eeef3516d049c9a11cc4895d2ed2e88"
"yaml","bmad-skill-manifest","bmm","bmm/workflows/4-implementation/sprint-planning/bmad-skill-manifest.yaml","c6960e1033df45a05ef0e74ac9097f0eab3b31786c3858d5282976905f77ff44"
"yaml","bmad-skill-manifest","bmm","bmm/workflows/4-implementation/sprint-status/bmad-skill-manifest.yaml","d3c0073f0a3de15353900408e111d6c1b69d4b837b712a6a7ce5609d2a29fe4b"
"yaml","bmad-skill-manifest","bmm","bmm/workflows/bmad-quick-flow/bmad-quick-dev-new-preview/bmad-skill-manifest.yaml","ea1b058a23cd4fb442f2e7bc7a3a871b73391c0d18c32ddad020dd56b20425ee"
"yaml","bmad-skill-manifest","bmm","bmm/workflows/bmad-quick-flow/quick-dev/bmad-skill-manifest.yaml","7a7957400ae5eecc030bb3e82b3639ff32d158fa78a694c0bf66d28cb07d9a5a"
"yaml","bmad-skill-manifest","bmm","bmm/workflows/bmad-quick-flow/quick-spec/bmad-skill-manifest.yaml","c1c96e0a08906c121fd9b47fac3e5b6a74e0d720a519af1ba725bce65574cc35"
"yaml","bmad-skill-manifest","bmm","bmm/workflows/document-project/bmad-skill-manifest.yaml","64fb7247c416196bbaa93aa562e574f2da02738380b5ed88136ae39943fcb735"
"yaml","bmad-skill-manifest","bmm","bmm/workflows/generate-project-context/bmad-skill-manifest.yaml","55b2795bcd52f8368ea9b5671d7102a0baf397e5443d8ea790221b3e0a08e8a5"
"yaml","bmad-skill-manifest","bmm","bmm/workflows/qa-generate-e2e-tests/bmad-skill-manifest.yaml","2949e748fc8fc003ca1c6ddb60cfd0c3e97deba0502fda261fba831a5adc3a0e"
"yaml","config","bmm","bmm/config.yaml","e71d9ff9d40bde4d8ee2f9e5d687f807f8e5455d7f6270fdcc96439ca073c4f9"
"yaml","sprint-status-template","bmm","bmm/workflows/4-implementation/sprint-planning/sprint-status-template.yaml","b46a7bfb7d226f00bd064f111e527eee54ad470d177382a9a15f1a6dde21544c"
"yaml","team-fullstack","bmm","bmm/teams/team-fullstack.yaml","da8346b10dfad8e1164a11abeb3b0a84a1d8b5f04e01e8490a44ffca477a1b96"
"csv","default-party","cis","cis/teams/default-party.csv","464310e738ec38cf8114552e8274f6c517a17db0e0b176d494ab50154ba982d5"
"csv","design-methods","cis","cis/workflows/bmad-cis-design-thinking/design-methods.csv","6735e9777620398e35b7b8ccb21e9263d9164241c3b9973eb76f5112fb3a8fc9"
"csv","innovation-frameworks","cis","cis/workflows/bmad-cis-innovation-strategy/innovation-frameworks.csv","9a14473b1d667467172d8d161e91829c174e476a030a983f12ec6af249c4e42f"
"csv","module-help","cis","cis/module-help.csv","911c7e8963eff88c7c18398b38757e077714737aff3f8baf9730c3e0c3ad7d2a"
"csv","solving-methods","cis","cis/workflows/bmad-cis-problem-solving/solving-methods.csv","aa15c3a862523f20c199600d8d4d0a23fce1001010d7efc29a71abe537d42995"
"csv","story-types","cis","cis/workflows/bmad-cis-storytelling/story-types.csv","ec5a3c713617bf7e2cf7db439303dd8f3363daa2f6db20a350c82260ade88bdb"
"md","README","cis","cis/workflows/README.md","cad15d53776a94c91a4f3f16fc6acc8352865091040f3f045125538e53d376a3"
"md","SKILL","cis","cis/workflows/bmad-cis-design-thinking/SKILL.md","3851c14c9a53828692fffc14c484e435adcd5452e2c8bed51f7c5dd54218e02e"
"md","SKILL","cis","cis/workflows/bmad-cis-innovation-strategy/SKILL.md","9a4a90e4b81368ad09fe51a62fde1cc02aa176c828170b077c953c0b0b2f303d"
"md","SKILL","cis","cis/workflows/bmad-cis-problem-solving/SKILL.md","d78b21e22a866da35f84b8aca704ef292c0d8b3444e30a79c82bca2f3af174f8"
"md","SKILL","cis","cis/workflows/bmad-cis-storytelling/SKILL.md","2cfd311821f5ca76a4ad8338b58eb51da6bb508d8bb84ee2b5eb25ca816a3cd6"
"md","template","cis","cis/workflows/bmad-cis-design-thinking/template.md","7834c387ac0412c841b49a9fcdd8043f5ce053e5cb26993548cf4d31b561f6f0"
"md","template","cis","cis/workflows/bmad-cis-innovation-strategy/template.md","e59bd789df87130bde034586d3e68bf1847c074f63d839945e0c29b1d0c85c82"
"md","template","cis","cis/workflows/bmad-cis-problem-solving/template.md","6c9efd7ac7b10010bd9911db16c2fbdca01fb0c306d871fa6381eef700b45608"
"md","template","cis","cis/workflows/bmad-cis-storytelling/template.md","461981aa772ef2df238070cbec90fc40995df2a71a8c22225b90c91afed57452"
"md","workflow","cis","cis/workflows/bmad-cis-design-thinking/workflow.md","7f4436a938d56260706b02b296d559c8697ffbafd536757a7d7d41ef2a577547"
"md","workflow","cis","cis/workflows/bmad-cis-innovation-strategy/workflow.md","23094a6bf5845c6b3cab6fb3cd0c96025b84eb1b0deb0a8d03c543f79b9cc71f"
"md","workflow","cis","cis/workflows/bmad-cis-problem-solving/workflow.md","e43fa26e6a477f26888db76f499936e398b409f36eaed5b462795a4652d2f392"
"md","workflow","cis","cis/workflows/bmad-cis-storytelling/workflow.md","277c82eab204759720e08baa5b6bbb3940074f512a2b76a25979fa885abee4ec"
"yaml","bmad-skill-manifest","cis","cis/workflows/bmad-cis-design-thinking/bmad-skill-manifest.yaml","ea1b058a23cd4fb442f2e7bc7a3a871b73391c0d18c32ddad020dd56b20425ee"
"yaml","bmad-skill-manifest","cis","cis/workflows/bmad-cis-innovation-strategy/bmad-skill-manifest.yaml","ea1b058a23cd4fb442f2e7bc7a3a871b73391c0d18c32ddad020dd56b20425ee"
"yaml","bmad-skill-manifest","cis","cis/workflows/bmad-cis-problem-solving/bmad-skill-manifest.yaml","ea1b058a23cd4fb442f2e7bc7a3a871b73391c0d18c32ddad020dd56b20425ee"
"yaml","bmad-skill-manifest","cis","cis/workflows/bmad-cis-storytelling/bmad-skill-manifest.yaml","ea1b058a23cd4fb442f2e7bc7a3a871b73391c0d18c32ddad020dd56b20425ee"
"yaml","config","cis","cis/config.yaml","b1af93eca308098d2eb0fa6c083e628275d16eb17d3685c4d0594a2be5b1b80d"
"yaml","creative-squad","cis","cis/teams/creative-squad.yaml","25407cf0ebdf5b10884cd03c86068e04715ef270ada93a3b64cb9907b62c71cf"
"csv","brain-methods","core","core/workflows/bmad-brainstorming/brain-methods.csv","0ab5878b1dbc9e3fa98cb72abfc3920a586b9e2b42609211bb0516eefd542039"
"csv","methods","core","core/workflows/advanced-elicitation/methods.csv","e08b2e22fec700274982e37be608d6c3d1d4d0c04fa0bae05aa9dba2454e6141"
"csv","module-help","core","core/module-help.csv","7a8f0a0ef5446ce2bdfb5bb56a48e24a4f784f875ddffd6df500b3528d90222d"
"md","SKILL","core","core/tasks/bmad-editorial-review-prose/SKILL.md","84c66b7bcf23c38f2933823e9719eeac270c16a7d1cf002476d9fd3fb457d65b"
"md","SKILL","core","core/tasks/bmad-editorial-review-structure/SKILL.md","467da1b30b94d9c4856b12fc019f46514c11da30dd66785536f13a3a933e56c5"
"md","SKILL","core","core/tasks/bmad-help/SKILL.md","76e2e465a8f2726c135a3835c520ed2e8752b416a5199938e6226ce6a3dec64b"
"md","SKILL","core","core/tasks/bmad-index-docs/SKILL.md","8e4c962c18474b0d5296a1edb8cfd73df587a3b00bd8c57fa3c62ba3425fa418"
"md","SKILL","core","core/tasks/bmad-review-adversarial-general/SKILL.md","6efa7c2a3d787f7659fc694425080f383fa4a9aba969f47b4920dc027f33bcee"
"md","SKILL","core","core/tasks/bmad-review-edge-case-hunter/SKILL.md","d27d976de6244e37577e876992d5756c408c7cd4f357bef57f6bc593ad0c0d45"
"md","SKILL","core","core/tasks/bmad-shard-doc/SKILL.md","dee71f825fbc559034bb25340d3286b0167017a7e80148ac314d240e88f737eb"
"md","SKILL","core","core/workflows/bmad-brainstorming/SKILL.md","f1a7684fffc5cc53ed2c195f728e94fbb61a8587f00b0b1fe0babd5def28efdd"
"md","SKILL","core","core/workflows/bmad-party-mode/SKILL.md","0cf1d1915a9b64c0e09d20e8a873680f7dafc19918ab5617c8e39c5a6ee0152d"
"md","step-01-agent-loading","core","core/workflows/bmad-party-mode/steps/step-01-agent-loading.md","04ab6b6247564f7edcd5c503f5ca7d27ae688b09bbe2e24345550963a016e9f9"
"md","step-01-session-setup","core","core/workflows/bmad-brainstorming/steps/step-01-session-setup.md","a2376d8394fb84e3b5b45c7ecfe00c8f5ae0a0737f547d03108e735e41b99412"
"md","step-01b-continue","core","core/workflows/bmad-brainstorming/steps/step-01b-continue.md","bb88e341a25e5e33d533046470a6a4e828ff427066f49bf29ccd22c507c7f726"
"md","step-02-discussion-orchestration","core","core/workflows/bmad-party-mode/steps/step-02-discussion-orchestration.md","a8a79890bd03237e20f1293045ecf06f9a62bc590f5c2d4f88e250cee40abb0b"
"md","step-02a-user-selected","core","core/workflows/bmad-brainstorming/steps/step-02a-user-selected.md","558b162466745b92687a5d6e218f243a98436dd177b2d5544846c5ff4497cc94"
"md","step-02b-ai-recommended","core","core/workflows/bmad-brainstorming/steps/step-02b-ai-recommended.md","99aa935279889f278dcb2a61ba191600a18e9db356dd8ce62f0048d3c37c9531"
"md","step-02c-random-selection","core","core/workflows/bmad-brainstorming/steps/step-02c-random-selection.md","f188c260c321c7f026051fefcd267a26ee18ce2a07f64bab7f453c0c3e483316"
"md","step-02d-progressive-flow","core","core/workflows/bmad-brainstorming/steps/step-02d-progressive-flow.md","a28c7a3edf34ceb0eea203bf7dc80f39ca04974f6d1ec243f0a088281b2e55de"
"md","step-03-graceful-exit","core","core/workflows/bmad-party-mode/steps/step-03-graceful-exit.md","85e87df198fbb7ce1cf5e65937c4ad6f9ab51a2d80701979570f00519a2d9478"
"md","step-03-technique-execution","core","core/workflows/bmad-brainstorming/steps/step-03-technique-execution.md","1b0557e3114bf525779f4121b82d0046067a2a11e8052aad4c7a367270d45b7c"
"md","step-04-idea-organization","core","core/workflows/bmad-brainstorming/steps/step-04-idea-organization.md","cec7bc5c28248afb3282d7a5fcafed184371462417326dec38b89b157e2cffa6"
"md","template","core","core/workflows/bmad-brainstorming/template.md","5c99d76963eb5fc21db96c5a68f39711dca7c6ed30e4f7d22aedee9e8bb964f9"
"md","workflow","core","core/tasks/bmad-editorial-review-prose/workflow.md","998ad2589728fac834820639886744bb3d1606674a1b2a1ab0da47fae8eb3e50"
"md","workflow","core","core/tasks/bmad-editorial-review-structure/workflow.md","ea2ab3dc9e586b1cc962371eac3e894719752536d3d8b6d68892d5aa68a46505"
"md","workflow","core","core/tasks/bmad-help/workflow.md","e610f8be8f1a5742cea912378ffbe2f580b20ee5c6c6f13bdbbab61dd98ef567"
"md","workflow","core","core/tasks/bmad-index-docs/workflow.md","295495eb83ee0f167629b1eafb906e02eb7e151b2378f4858a1fd23c130c3bce"
"md","workflow","core","core/tasks/bmad-review-adversarial-general/workflow.md","dd6f172ecec5f5a3aa94904b96f53dbc0d8560e93aaf16f23b801c5649b2d798"
"md","workflow","core","core/tasks/bmad-review-edge-case-hunter/workflow.md","77b50cf0a221eb6ff90a824593feac4f04fc7f694d4791e0fa9599e5919b54aa"
"md","workflow","core","core/tasks/bmad-shard-doc/workflow.md","0188bc74dc52d7cdc45106fcb087eabbbc645b49f2ededb797d57bdde4e9b02d"
"md","workflow","core","core/workflows/advanced-elicitation/workflow.md","bcf942236820614f81df14e29a897c08539cb4fa1cd043795a741bed85e0bfb6"
"md","workflow","core","core/workflows/bmad-brainstorming/workflow.md","44d1a899fb50728bfbab489e562c0413fca925d0bb579a35379e642a5ae60cd0"
"md","workflow","core","core/workflows/bmad-party-mode/workflow.md","e4f7328ccac68ecb7fb346c6b8f4e2e52171b63cff9070c0b382124872e673cb"
"yaml","bmad-skill-manifest","core","core/agents/bmad-skill-manifest.yaml","8f998d8c2b4b37de894e302a79916826b390049d15f96c5a4c8f5440dedf6e86"
"yaml","bmad-skill-manifest","core","core/tasks/bmad-editorial-review-prose/bmad-skill-manifest.yaml","ea1b058a23cd4fb442f2e7bc7a3a871b73391c0d18c32ddad020dd56b20425ee"
"yaml","bmad-skill-manifest","core","core/tasks/bmad-editorial-review-structure/bmad-skill-manifest.yaml","ea1b058a23cd4fb442f2e7bc7a3a871b73391c0d18c32ddad020dd56b20425ee"
"yaml","bmad-skill-manifest","core","core/tasks/bmad-help/bmad-skill-manifest.yaml","ea1b058a23cd4fb442f2e7bc7a3a871b73391c0d18c32ddad020dd56b20425ee"
"yaml","bmad-skill-manifest","core","core/tasks/bmad-index-docs/bmad-skill-manifest.yaml","ea1b058a23cd4fb442f2e7bc7a3a871b73391c0d18c32ddad020dd56b20425ee"
"yaml","bmad-skill-manifest","core","core/tasks/bmad-review-adversarial-general/bmad-skill-manifest.yaml","ea1b058a23cd4fb442f2e7bc7a3a871b73391c0d18c32ddad020dd56b20425ee"
"yaml","bmad-skill-manifest","core","core/tasks/bmad-review-edge-case-hunter/bmad-skill-manifest.yaml","ea1b058a23cd4fb442f2e7bc7a3a871b73391c0d18c32ddad020dd56b20425ee"
"yaml","bmad-skill-manifest","core","core/tasks/bmad-shard-doc/bmad-skill-manifest.yaml","ea1b058a23cd4fb442f2e7bc7a3a871b73391c0d18c32ddad020dd56b20425ee"
"yaml","bmad-skill-manifest","core","core/workflows/advanced-elicitation/bmad-skill-manifest.yaml","f320bdb329e44f842e88cb9267555bdc023a581cd918abf6e7d7707be8060ba1"
"yaml","bmad-skill-manifest","core","core/workflows/bmad-brainstorming/bmad-skill-manifest.yaml","ea1b058a23cd4fb442f2e7bc7a3a871b73391c0d18c32ddad020dd56b20425ee"
"yaml","bmad-skill-manifest","core","core/workflows/bmad-party-mode/bmad-skill-manifest.yaml","ea1b058a23cd4fb442f2e7bc7a3a871b73391c0d18c32ddad020dd56b20425ee"
"yaml","config","core","core/config.yaml","d1a87c7586ad7868162e7022bfb7a2182d8c4dc5ce3ca0732a593f4ced5375bc"
"css","dev-mode","wds","wds/workflows/5-agentic-development/templates/components/dev-mode.css","d1e7543bd8c6dbf615dffe12e743f3f796ead0b4ed3d41a94130a6468f4593c7"
"csv","module-help","wds","wds/module-help.csv","b1e731c11c782046aaa53234cc8ac36f372ba3a356b8c5d6bdd5f2ee718668c5"
"html","catalog.template","wds","wds/workflows/7-design-system/templates/catalog.template.html","8e01e16c4c02be6f3ef96bcf792ff6bdc284a57b75c8b18484263674390f1ba8"
"html","dev-mode","wds","wds/workflows/5-agentic-development/templates/components/dev-mode.html","f0be1df0f4690e363f4c03c99c674a6806fe272edad4bc4344ac7a2a5a2246ff"
"html","page-template","wds","wds/workflows/5-agentic-development/templates/page-template.html","72a3ac6ac1087c0cfad93354599210fb11214555662fd4beba7034e3f9d2f516"
"js","dev-mode","wds","wds/workflows/5-agentic-development/templates/components/dev-mode.js","10495ee3178200ed09360a6789c3143babe69a1dcb4503d81e2e6ce86ffcc0d2"
"json","demo-data-template","wds","wds/workflows/5-agentic-development/templates/demo-data-template.json","e3a6da9ddc16bcb4268eaefef2a46f0a4ce6c54d02579776309fe77e397340a0"
"md","00-context","wds","wds/workflows/1-project-brief/templates/project-brief-dialog/00-context.md","a50319312bc9ceba7a746a872b44fd51c3646d2b7090aa94827e033f642deb1d"
"md","00-design-log.template","wds","wds/workflows/0-project-setup/templates/folder-guides/00-design-log.template.md","a306ebb3ae3bdf81afa7d3ef6635eb22fc1d824de1612499a436f097ff94e948"
"md","00-design-system.template","wds","wds/workflows/0-project-setup/templates/folder-guides/00-design-system.template.md","5d5428612cf6f688daac1af0fede0c1606f56e17d8dd0060c1cd0dffb6c2f576"
"md","00-MODULAR-ARCHITECTURE-GUIDE","wds","wds/workflows/4-ux-design/data/modular-architecture/00-MODULAR-ARCHITECTURE-GUIDE.md","c226e15ff815cdac8139b2d9b194a3640009dfac71f6553381b5d56c420df9f7"
"md","00-product-brief.template","wds","wds/workflows/0-project-setup/templates/folder-guides/00-product-brief.template.md","900623934c4ddd579b1e2592c77ddb75b2d0af5d2951235a1a15279730f40a4d"
"md","00-project-info.template","wds","wds/workflows/1-project-brief/templates/00-project-info.template.md","3673943015834fc87c422093c9c587d4800a01cf5da2fe5928924e063fa22d97"
"md","00-purpose-examples","wds","wds/workflows/6-asset-generation/data/00-purpose-examples.md","76fea5d79cb90c39b4ece00619a847927a3feaa8e167496551c5a2623c45d152"
"md","00-trigger-map.template","wds","wds/workflows/0-project-setup/templates/folder-guides/00-trigger-map.template.md","4ebf1ebaebeeae48e7f89492cd2ddcb1040673a91c8624d53c2a634956665e3e"
"md","00-ux-scenarios.template","wds","wds/workflows/0-project-setup/templates/folder-guides/00-ux-scenarios.template.md","14dada320e948d9adccc6bf5b24231978ff16daf3253fca96e4097e4c77b7085"
"md","01-platform-confirmation","wds","wds/workflows/4-ux-design/data/scenario-init/01-platform-confirmation.md","4b9084577efa4e1d1311def79bac6517e402b4b36d5e4f2f709d78ef820733ad"
"md","01-start-understand-routing","wds","wds/workflows/0-alignment-signoff/data/01-start-understand-routing.md","881011ad64818c4b419a250f548d6aa309dda85815a5d5cd47c5d88cf7be491e"
"md","01-what-are-storyboards","wds","wds/workflows/4-ux-design/data/modular-architecture/02-workflows/01-what-are-storyboards.md","5cc9d1c2367683f3a03a25318cacb899be6200e7e3d14ec912d17f1c104d6d1b"
"md","01-when-to-use","wds","wds/workflows/4-ux-design/data/modular-architecture/02-workflows/01-when-to-use.md","4a8c0649b381c91c67c1a82ea070ea050ecad9c546d0c664e8061d6a0dcef752"
"md","02-explore-sections-routing","wds","wds/workflows/0-alignment-signoff/data/02-explore-sections-routing.md","f7cea43985fa291a5d7f14efa61e74c22ebab44e72bf6dab98a6726f4c3e6b7a"
"md","02-feature-selection","wds","wds/workflows/4-ux-design/data/scenario-init/02-feature-selection.md","28d74b4c0dbf8efeb5ba7317e6f8a8ff6683163dab1e14586c2af80e3deff2a3"
"md","02-file-structure","wds","wds/workflows/4-ux-design/data/modular-architecture/02-workflows/02-file-structure.md","8d3a77ca28022d09148511c857e37de396690ce49edcda525ac670ca92fad216"
"md","02-vision","wds","wds/workflows/1-project-brief/templates/project-brief-dialog/02-vision.md","761e012a07570c82ad2847ae010c06cba64f7ffdeac45459de9312561a3cf480"
"md","03-action-filter-example","wds","wds/workflows/6-asset-generation/data/03-action-filter-example.md","f4fd32441f517d927f831b123c66320013960ae083bd8b7bee26775132efd8f8"
"md","03-entry-point","wds","wds/workflows/4-ux-design/data/scenario-init/03-entry-point.md","d0bada9ae6e1e6499d004edecf5c5461343a1f36dbce1dfa6ce3eebee0b554db"
"md","03-synthesize-present-routing","wds","wds/workflows/0-alignment-signoff/data/03-synthesize-present-routing.md","d1e6c5a984e6e6ebaa4cf42958d92a6e4d03af5c1060d0633a41c6b944b2d2d1"
"md","03-users","wds","wds/workflows/1-project-brief/templates/project-brief-dialog/03-users.md","b10577bfd1f97277e00d12d77c6240243c7128a76e5a6f34a9a30914fdbd3188"
"md","04-badass-users-principles","wds","wds/workflows/6-asset-generation/data/04-badass-users-principles.md","fe66948a4b8fdc7224d964cd09c3cb3134098f09f3dbbfe828fad8e2a1a48a85"
"md","04-concept","wds","wds/workflows/1-project-brief/templates/project-brief-dialog/04-concept.md","1a4788a465651750a1e79ebd0bea979d2175c9fb5a8629d87e72ec96479c0819"
"md","04-example-empowerment-frame","wds","wds/workflows/6-asset-generation/data/04-example-empowerment-frame.md","bca8fe73e7fa066e37738584959ef04cf2bc95930008848230c8312ca33ae6e4"
"md","04-generate-signoff-routing","wds","wds/workflows/0-alignment-signoff/data/04-generate-signoff-routing.md","2cb97fd0266bd417ed7d6982c0762f0710f2b4752c8185470bb7d55e4a0d8194"
"md","04-mental-state","wds","wds/workflows/4-ux-design/data/scenario-init/04-mental-state.md","15fb272a2477492a50491227aefd686db6771ed1928efb8e6f4c525a6954bbc3"
"md","05-build-contract-routing","wds","wds/workflows/0-alignment-signoff/data/05-build-contract-routing.md","e1d997ceb98a46f4069c6d689a8b7ec003406fffd2e94014dd7ce3da44bf6df4"
"md","05-example-golden-circle","wds","wds/workflows/6-asset-generation/data/05-example-golden-circle.md","f8fa7950e3b33b7b42b816bbeb6604aff73bcec26adbe0aeb8e0108299e4c370"
"md","05-golden-circle-guide","wds","wds/workflows/6-asset-generation/data/05-golden-circle-guide.md","d640547dfea2a38ab545ecc8bddba0e0e75f96999b3061f7a40e34f72b1d803e"
"md","05-mutual-success","wds","wds/workflows/4-ux-design/data/scenario-init/05-mutual-success.md","b0af03afdee893e2b393d5ae2ada6a38a76cdd44915dad3e9c9edd2523110a70"
"md","06-build-signoff-internal-routing","wds","wds/workflows/0-alignment-signoff/data/06-build-signoff-internal-routing.md","6de6c577085dda6436557ff61806e44f9243afa6d1d67f62779ba7a21756c43e"
"md","06-example-hairdresser-newsletter","wds","wds/workflows/6-asset-generation/data/06-example-hairdresser-newsletter.md","192bb07f3927c089556efcc22689f9899f3d58191061e044352db49b286e9e33"
"md","06-generation-instructions","wds","wds/workflows/6-asset-generation/data/06-generation-instructions.md","92be1920f0c5cdc863175886ed553cdcc87658a34030018cb90e28c7d847ae7e"
"md","06-inspiration","wds","wds/workflows/1-project-brief/templates/project-brief-dialog/06-inspiration.md","08394e410822c803c3e8be1b8b3e64a5e21e5283d61cd850dec49d8ad4ac285b"
"md","06-shortest-path","wds","wds/workflows/4-ux-design/data/scenario-init/06-shortest-path.md","2b80bf99595be6d887e347dae8c2a102fac816f31312847f672bf8fbf1489e0a"
"md","07-positioning","wds","wds/workflows/1-project-brief/templates/project-brief-dialog/07-positioning.md","797a7408157caa11de8214ca29e7d11687922e8a029187949ff1b83d15fb455d"
"md","07-reference-trigger-map","wds","wds/workflows/4-ux-design/data/scenario-init/07-reference-trigger-map.md","78a8d3676d4cc05ca92cc8f42e8fa44f147074bfc8ff13a7d820fa515565d51c"
"md","1-prototype-setup","wds","wds/workflows/5-agentic-development/steps-p/1-prototype-setup.md","ef55b66b26926ce294c97f9b6e566a6a0e2c556cb8b138d01ee06fa00280bf42"
"md","2-scenario-analysis","wds","wds/workflows/5-agentic-development/steps-p/2-scenario-analysis.md","9a9180f67ab2308118426fe19e1712a8970c8facae6b911fdcb8cb1d5a28fe03"
"md","3-logical-view-breakdown","wds","wds/workflows/5-agentic-development/steps-p/3-logical-view-breakdown.md","c1ffd23d5eccea90c1731779fce24c60c13f34d702fbae3c3534a9f2aa193d84"
"md","3d-render","wds","wds/workflows/6-asset-generation/data/styles/content-styles/3d-render.md","7ff49d3e2d996a27f791a9650860a8af8bf2f92ff736a609b3d331ca98f2eb1c"
"md","4a-announce-and-gather","wds","wds/workflows/5-agentic-development/steps-p/4a-announce-and-gather.md","e45889d356f2786373e345071fd009e47aa3de5d9d0e12e99f0f4b5b7fa35bfe"
"md","4b-create-story-file","wds","wds/workflows/5-agentic-development/steps-p/4b-create-story-file.md","f0876db52b5b7f6b4e08c90a30565a62f3be17340ab6286abc760a1a1fc24bbb"
"md","4c-implement-section","wds","wds/workflows/5-agentic-development/steps-p/4c-implement-section.md","04a3182d7b2568e56fdb2cd08a5db3ed3b15ab12f20b2a5dd24b7623a224387f"
"md","4d-present-for-testing","wds","wds/workflows/5-agentic-development/steps-p/4d-present-for-testing.md","22fc7118242d4b1879e3ed13a1cbe375bbe777673424200a3f985c43f0d599cf"
"md","4e-handle-issue","wds","wds/workflows/5-agentic-development/steps-p/4e-handle-issue.md","7d656993cee28cbf5f896f2de86f66ecda4b46e1a8866aaa1c5dd125b1ec98a9"
"md","4f-handle-improvement","wds","wds/workflows/5-agentic-development/steps-p/4f-handle-improvement.md","53454d28ce5cbd58f470e42a59fc0881d0481e7e8d1361cf7b736d2b5a2bd673"
"md","4g-section-approved","wds","wds/workflows/5-agentic-development/steps-p/4g-section-approved.md","7fe8c69cbe3bde0c089a0c062d9c869fe6ac9c2648dcd231b9d38ea774e03272"
"md","5-finalization","wds","wds/workflows/5-agentic-development/steps-p/5-finalization.md","95dbe8ea9488acfb9d5f40e2edc9ec12ec7e2f79a41c0c4b0b02f7075346922a"
"md","accessibility-audit.workflow","wds","wds/workflows/4-ux-design/templates/instructions/accessibility-audit.workflow.md","fc8dd6ea6cc0e20d2be2ea6c83fda9b64069b03ba781f85354920a70d35b8080"
"md","accessibility.instructions","wds","wds/workflows/4-ux-design/templates/instructions/accessibility.instructions.md","28832ae39076d4f211c1b237f61e09b9afded76292802494df9f557bfaaabf2a"
"md","agent-designer-collaboration","wds","wds/workflows/4-ux-design/data/modular-architecture/00-foundation/agent-designer-collaboration.md","3f777ebb2adf1b3f517d574580f5ae76ddb150a5afb46f593f808dbdf7183f79"
"md","agentic-development","wds","wds/data/agent-guides/freya/agentic-development.md","5bad964a88a8cad7eed98667c0ae4d26f3063d924a4492eabc71b4a192582cd5"
"md","AGENTIC-DEVELOPMENT-GUIDE","wds","wds/workflows/5-agentic-development/data/guides/AGENTIC-DEVELOPMENT-GUIDE.md","49575c2129490530d37f013698b35b606072776401e156d0f7f0f8a01563471f"
"md","audit-report.template","wds","wds/workflows/4-ux-design/templates/audit-report.template.md","e0487702443a66f2bc74888b220d2d36ea5e07424caac8c6cc525792d7ff1c29"
"md","benefits","wds","wds/workflows/4-ux-design/data/modular-architecture/03-quick-refs/benefits.md","9f5dc0015a7b7d5644220ef4ee69a18febbcaf05b46fb7968ca666722a436531"
"md","booking-example","wds","wds/workflows/4-ux-design/data/scenario-init/examples/booking-example.md","0483bc21b9aed418212f8ae0682c87af75945ad481bd09a8471e9a76198a41a6"
"md","brutalist","wds","wds/workflows/6-asset-generation/data/styles/design-styles/brutalist.md","650133fd78e87a8c92a03b9845c23cbcbb0095d0915cb2db512861539cdf4f8c"
"md","business-goals-template","wds","wds/workflows/2-trigger-mapping/data/business-goals-template.md","6e5bd3cf84695447a636dd8393ec7f766485c5cb0497055d3158ae2e2c47d4df"
"md","button","wds","wds/workflows/4-ux-design/data/object-types/templates/button.md","4e9015f48fede5e649732094e0d697b9fe9d8dd11398db3a706639a100193140"
"md","comic-book","wds","wds/workflows/6-asset-generation/data/styles/content-styles/comic-book.md","cdf715be6461f74973cc115e600944c52baa264ba1a1073f5ec38765b08d5476"
"md","complexity-detection","wds","wds/workflows/4-ux-design/data/modular-architecture/01-core-concepts/complexity-detection.md","a5b455efcfff5c484cdeaa329d8d773064bfe071d56a1c98aeeea1357bb0b158"
"md","COMPLEXITY-ROUTER","wds","wds/workflows/4-ux-design/data/object-types/COMPLEXITY-ROUTER.md","6b25d91c72ddac7362ba882d1bb36b99b5292d45c5746cb8339d4dfa136bdb77"
"md","complexity-router-workflow","wds","wds/workflows/4-ux-design/data/modular-architecture/02-workflows/complexity-router-workflow.md","21c6713f961e9202c4368423898151414aa33290b8a37c7be29ab5a441fc4165"
"md","component-boundaries","wds","wds/data/design-system/component-boundaries.md","f73be3978de2c0a8bb5d6bcd7c17c0a23d5b9fb986d6721fe3d34ce8d7ca5bfc"
"md","COMPONENT-FILE-STRUCTURE","wds","wds/workflows/4-ux-design/data/modular-architecture/COMPONENT-FILE-STRUCTURE.md","106c4286dfacb58b403a304c199d583dc7e558c8899e380ab40cf69bf5bcc9c9"
"md","component-library-config.template","wds","wds/workflows/7-design-system/templates/component-library-config.template.md","ee8dff9871364c85b2096a0fb2dc27a73fa068e460667230be5eededac7498af"
"md","component.template","wds","wds/workflows/7-design-system/templates/component.template.md","a3e18a2b6ac9eb2a7214d1c1ac60fb314728f1daaf92410cebdb9646e9522781"
"md","content-creation","wds","wds/data/agent-guides/freya/content-creation.md","d59387a4aa8b0e96ba2b53bad506ed66c4bfa07adc0136d574215581f272888d"
"md","content-creation-workshop-guide","wds","wds/workflows/6-asset-generation/data/content-creation-workshop-guide.md","57bad4b9dd639e7b01210f1aab7cc38302598ab6eb7b5cab87b89405bb16eeee"
"md","content-language.template","wds","wds/workflows/1-project-brief/templates/content-language.template.md","23d0a01ade9e9ca4602b7052c8ffcc607f3644adfa226685d12f667162055b81"
"md","content-output.template","wds","wds/workflows/6-asset-generation/templates/content-output.template.md","cca09ac0f23b690c4c7d4bbb7a4ad755cd0c6f1fabfa9cd492ec80696cb57c04"
"md","CONTENT-PLACEMENT-GUIDE","wds","wds/workflows/4-ux-design/data/modular-architecture/CONTENT-PLACEMENT-GUIDE.md","337f29f2c2c970941099d7e45bf2aad5ea4810ef1017ec3169eb3af9f9aed271"
"md","content-placement-rules","wds","wds/workflows/4-ux-design/data/modular-architecture/01-core-concepts/content-placement-rules.md","0f141df8e13393e8d7264159a314023d5e144187bb3c2c21e09266095ec00f21"
"md","content-structure-principles","wds","wds/data/agent-guides/saga/content-structure-principles.md","c9fc8d80e3eba90cf162f45d30135559671e0827f421e0b4a6f4b5b3971a4c82"
"md","context-templates","wds","wds/workflows/8-product-evolution/data/context-templates.md","875567e7a9056a5475fe4835d7e85825b2bba4b6b44b1a6341e165eb6f23e6c6"
"md","contract.template","wds","wds/workflows/1-project-brief/templates/contract.template.md","1a3141a099aa4ffd075e2ff48dc9f3e5fa60b17206249e8ddac85281591721e1"
"md","conversational-followups","wds","wds/data/agent-guides/saga/conversational-followups.md","cad61bfcf570bfd3e4bc060f5ba0978079ff68ae431818ce28cb07ef8c8f7eb3"
"md","corporate","wds","wds/workflows/6-asset-generation/data/styles/design-styles/corporate.md","fba548addcc0bf1d14707898058053d1c378e0f7192ef491c371f7f840a762b7"
"md","CREATION-GUIDE","wds","wds/workflows/5-agentic-development/data/guides/CREATION-GUIDE.md","867fb4e3d60e2cb75c30db813696fc879b8e14a00180a1a5d6486b506949ad3d"
"md","CROSS-PAGE-CONSISTENCY","wds","wds/workflows/4-ux-design/data/modular-architecture/CROSS-PAGE-CONSISTENCY.md","f34325f8d5c2637ef11a90a96a08a7d3b94b79dcf088e0ade79791b3d6d433c6"
"md","data-api.instructions","wds","wds/workflows/4-ux-design/templates/instructions/data-api.instructions.md","20e198e50f103b67fb4604d30adffbd7c77b0ccd198177e28548c03249765fb8"
"md","decision-tree","wds","wds/workflows/4-ux-design/data/modular-architecture/03-quick-refs/decision-tree.md","d9f4eba66b6b1907ee213c6a00bed58290cb61e8013d87c2eac6c82807573a81"
"md","decisions","wds","wds/workflows/1-project-brief/templates/project-brief-dialog/decisions.md","49e6a3d36e71fdba9d0818baa11b57515c1e09940d680c1e80ffa18ef6bc540a"
"md","delivery-templates","wds","wds/workflows/4-ux-design/data/delivery-templates.md","08cb8aaa65804f2620097e8143749629824feb1c839a259513f364d3716f5895"
"md","delivery-templates","wds","wds/workflows/8-product-evolution/data/delivery-templates.md","2e313f9ecdfc58f7e9872fbfb3b80fbb9b674b8da18babd001e1bcaa7e0dcc35"
"md","design-deliveries-guide","wds","wds/workflows/4-ux-design/data/design-deliveries-guide.md","154b9f9c6c3b0818224e04ebdc9016877dcf45ec8097d18c88e89ca4e97af429"
"md","DESIGN-LOOP-GUIDE","wds","wds/workflows/4-ux-design/data/guides/DESIGN-LOOP-GUIDE.md","66512a4dac0ae3757914e831054d81861e5cdadb9190df465db6f931100a0e5a"
"md","design-system","wds","wds/data/agent-guides/freya/design-system.md","28914ac75af90d1d17d34620dec811b15cbb3b1bfdf73a376acdb921197c53fc"
"md","design-system-guide","wds","wds/workflows/7-design-system/data/design-system-guide.md","114cf9ee1623d0720d4a9bb19909728249f0f3eb85da4d389771b726be4b6447"
"md","design-templates","wds","wds/workflows/8-product-evolution/data/design-templates.md","b7d6eae2122c64bf833574a304c54756415aa242fe270fcabf46c18713968d9f"
"md","design-tokens.template","wds","wds/workflows/7-design-system/templates/design-tokens.template.md","8eefe815b7e3e18772421c7bb7176688824d4fbeb12d9f01eba10eef241f619e"
"md","DEV-MODE-GUIDE","wds","wds/workflows/5-agentic-development/templates/components/DEV-MODE-GUIDE.md","08c3aecc02a40b6b8ca77f08fcfbdeb1244525e12a2ac1f415d0c6ef9e5dc9d4"
"md","diagnostic-report-template","wds","wds/workflows/4-ux-design/templates/diagnostic-report-template.md","aee1a20cb0c028852f8fd5472a350ac51f4e68fd8a1e501115cc034b68d4c944"
"md","discovery-conversation","wds","wds/data/agent-guides/saga/discovery-conversation.md","1d2387e94ad7b5f04116fc2a41fd71bb39d17e3b1b19942ed5adb2d5e0c9ff8e"
"md","dream-up-approach","wds","wds/data/agent-guides/saga/dream-up-approach.md","101c1b934cadb82bc915a47f1be9e544a2c6cd7598eba20f48fff65dc97ef0ee"
"md","ecommerce-example","wds","wds/workflows/4-ux-design/data/scenario-init/examples/ecommerce-example.md","9dad842cdb0f29c436f2ecfe1ab252057f933010dcc9e3e03f4d051c8e341d82"
"md","editorial","wds","wds/workflows/6-asset-generation/data/styles/design-styles/editorial.md","74f09709204df38f462aa02e4eb69a5325c99d7b84db632f7b0aa40164f2cba9"
"md","EXECUTION-PRINCIPLES","wds","wds/workflows/5-agentic-development/data/guides/EXECUTION-PRINCIPLES.md","32c10b8e33d927cae7e0deb6cc11eaa505f046af3f69b01e9e5a4ea1b4af1457"
"md","existing-product-guide","wds","wds/workflows/8-product-evolution/data/existing-product-guide.md","896a69bc5b957f2ec807024d01a6281bae2b85c73cb49bc82d7c0ccbdddf581c"
"md","feature-impact.template","wds","wds/workflows/2-trigger-mapping/templates/feature-impact.template.md","7846611f85ca8ba5677a3845629ed535da8c50d41551c4f6061c153d9264f885"
"md","FEEDBACK-PROTOCOL","wds","wds/workflows/5-agentic-development/data/guides/FEEDBACK-PROTOCOL.md","5c35333c45b2b3baf7ad6fbb4bdc7acfc32825e2fb399041e0ff4334bf8cf6a3"
"md","figma-component-structure","wds","wds/data/design-system/figma-component-structure.md","35e6e2b70a0e5d058428cf1b4958df6443889cf6d729be4b1e37f6d9dfce979e"
"md","figma-designer-guide","wds","wds/workflows/6-asset-generation/data/figma-designer-guide.md","e5ce0f5e55b50d1b166f98372b888671e0e3bb466954e4c30751a8e19f5a9758"
"md","figma-integration-guide","wds","wds/workflows/6-asset-generation/data/figma-integration-guide.md","e1547e3c7c894b7547d8faad96f442b4d8c6f4335cd6a7a6410d92bc4862ce15"
"md","figma-integration-summary","wds","wds/workflows/6-asset-generation/data/figma-integration-summary.md","9371c31adb0d667c6cb072a161f71a2f6297c778aab77256760a0233aa9f203e"
"md","figma-mcp-integration","wds","wds/workflows/6-asset-generation/data/figma-mcp-integration.md","6088bee3babec768c6c531ead5bcc3264bbf17a96db466abf1929650965e8108"
"md","figma-plugin-setup","wds","wds/workflows/6-asset-generation/data/figma-plugin-setup.md","cd9f8cc89c393e5a5ca052bf10e4d229072f8467da1f7fe3b1b8b0fd055e8212"
"md","figma-spec-preparation","wds","wds/workflows/6-asset-generation/data/figma-spec-preparation.md","320aea9fb70daed94ba28b0259da0f0705b09ba327f66d21ef64eb5640baec5b"
"md","FILE-INDEX","wds","wds/workflows/5-agentic-development/data/guides/FILE-INDEX.md","4668e4a5986645798919343d34e9eec806473ce254af7347882c9f497cdd62c1"
"md","flat-design","wds","wds/workflows/6-asset-generation/data/styles/content-styles/flat-design.md","5bcd4d547fc1058ca02a59f42bb692a26c69dd444d1039952158142b1387f0e8"
"md","flow-a-sketch","wds","wds/workflows/4-ux-design/data/page-creation-flows/flow-a-sketch.md","0f16e89c807969478cf00fc2e22cb5b5aaf6e16c9aab99c376d5b3c5c5d84805"
"md","flow-b-verbal","wds","wds/workflows/4-ux-design/data/page-creation-flows/flow-b-verbal.md","c89c8b7b08d74ef78ea76f79c56d90f4116e22c1cc6337ea6c78663deafa4a52"
"md","flow-c-ascii","wds","wds/workflows/4-ux-design/data/page-creation-flows/flow-c-ascii.md","a2a0e544d0fdf655b710baf55bdd82abb222248d3726ee620b277c18b6f7fdca"
"md","flow-d-reference","wds","wds/workflows/4-ux-design/data/page-creation-flows/flow-d-reference.md","5cefdfcd88c0cc2d7106a4590c6a06286145a2431ea5a547132752d4025b5792"
"md","flow-e-html","wds","wds/workflows/4-ux-design/data/page-creation-flows/flow-e-html.md","6d33447ad6e6731d0ad7b8a9ecbf1329e4594db39b6b0c64c4254fc02a3578c3"
"md","form-validation.instructions","wds","wds/workflows/4-ux-design/templates/instructions/form-validation.instructions.md","fd1becae2c7f894a90e3f68bf0279123a829f05c2d965308ca71cc6af65c5971"
"md","freya-how-i-help","wds","wds/data/presentations/freya-how-i-help.md","d99869ea2907660e6baa6966b05c62dfabb8b78dee63f1463da0f2553b36453e"
"md","freya-intro","wds","wds/data/presentations/freya-intro.md","ce1fb7a6b2028eac74ef96ea578a113512fe493dc68e46010709efe92249b1e5"
"md","freya-presentation","wds","wds/data/presentations/freya-presentation.md","8ab58adb8f6850af201150f54cb58a1d015a6f3a0789faa84cd8b84cc44bcf92"
"md","freya-workflows-guide","wds","wds/data/presentations/freya-workflows-guide.md","6422c68740d3862b850d636506accb228aefa5713db2503b2781bad31669e533"
"md","freya.activation","wds","wds/skills/freya.activation.md","0cce0a39ba831c07bc96399e9a827adda28396928e4f91be143fd74cd874989b"
"md","handoff-dialog-scripts","wds","wds/workflows/4-ux-design/data/handoff-dialog-scripts.md","e0ebbd47e8d5873e218797764a2828aea50f07464702005101a6e39a42f3a4f6"
"md","heading-text","wds","wds/workflows/4-ux-design/data/object-types/templates/heading-text.md","788f834bfbb1f811c73ef4ce1739f80a1a6da445a28ce84b0e63bd7f8458ddc7"
"md","HTML-VS-VISUAL-STYLES","wds","wds/workflows/4-ux-design/data/guides/HTML-VS-VISUAL-STYLES.md","3816ff81a52096727bf1c13cd328b59f042f27936ebcf0a6eaf912ecf48cf045"
"md","hyper-realistic","wds","wds/workflows/6-asset-generation/data/styles/content-styles/hyper-realistic.md","59cb712d7e0cf991680ebda9faadcf987eee23774c5bf2243589d474e8435ed4"
"md","illustration","wds","wds/workflows/6-asset-generation/data/styles/content-styles/illustration.md","98aca4effcb8f54ba40837fc80f42c1f24a9fda4227501d08a341008349fbb58"
"md","image","wds","wds/workflows/4-ux-design/data/object-types/templates/image.md","ea70963752e92e724302911d12b2de85e8a0683790f4fa81942ab576e1fd5e5f"
"md","INLINE-TESTING-GUIDE","wds","wds/workflows/5-agentic-development/data/guides/INLINE-TESTING-GUIDE.md","4f5c174206ce81d2a5baba7d91dd64f076295aaa90d338e129b3a1da7da24fba"
"md","inspiration-analysis","wds","wds/data/agent-guides/saga/inspiration-analysis.md","ea03ca51a97a5f8e943ba47a8e5167a3b13a8a97553814fd1433885cfd29c9d3"
"md","inspiration-analysis.template","wds","wds/workflows/1-project-brief/templates/inspiration-analysis.template.md","f62be974c09cdabdd59d507a20e69c91986aca522af2644002c0bbbd1838fcae"
"md","isometric","wds","wds/workflows/6-asset-generation/data/styles/content-styles/isometric.md","ad35a9f3ceab461e3b76eca8fc64d43f9962151fc213f442368cca46501a0012"
"md","issue-templates","wds","wds/workflows/5-agentic-development/data/issue-templates.md","4cbae51dddf190e1a8b64c6760a434e8cf6f0963b15001c8c64b49a23ab2ae2b"
"md","kaizen-iteration-guide","wds","wds/workflows/8-product-evolution/data/kaizen-iteration-guide.md","0cf8a8299fabb3316e243a8ee88e62f30df6b4543cf6f563d8e0acdb65e76b7d"
"md","kaizen-principles","wds","wds/workflows/8-product-evolution/data/kaizen-principles.md","d9a546ababc0f4f54e4e2b47a55ba4e0a1eaba8df757a3c1f4f548a2212c077b"
"md","key-insights-structure","wds","wds/workflows/2-trigger-mapping/data/key-insights-structure.md","232f3e5a7b52b24a87b6e862981a3685712cd308ff951a25df99049ad125aa19"
"md","lightweight-page-template","wds","wds/workflows/4-ux-design/data/page-creation-flows/lightweight-page-template.md","45ea31989a452a1ab34bba94d2cb42413a2442396383708fe820e67dcc4bbefb"
"md","line-art","wds","wds/workflows/6-asset-generation/data/styles/content-styles/line-art.md","25cca2557218d42079d8ebb563899858efbd816404621c9b78795c357b638f4b"
"md","link","wds","wds/workflows/4-ux-design/data/object-types/templates/link.md","480a6ab3b9fa34f0946047ac70a57721fedf4644384d7537d88f71e502dca819"
"md","mcp-server-integration","wds","wds/workflows/6-asset-generation/data/mcp-server-integration.md","6c6cf90d098ad7d0d24127abe6faf510e0115b5369f53b87bb8fcfb59fdadb65"
"md","mermaid-formatting-guide","wds","wds/workflows/2-trigger-mapping/data/mermaid-formatting-guide.md","83cd57528594396ea4fddc1b628e31165e9772e2fa7f7585699c339758fa328e"
"md","meta-content-guide","wds","wds/data/agent-guides/freya/meta-content-guide.md","f1465b19f523a7d82a2c4aef5c6b2deed4b9459582677c2b10a70f53358ea9f4"
"md","meta-content.instructions","wds","wds/workflows/4-ux-design/templates/instructions/meta-content.instructions.md","0f10614e6f66130045881543ee5a770dd9c7c3121b4c21cb88d5c16316eea7d0"
"md","mimir-agents-overview","wds","wds/data/presentations/mimir-agents-overview.md","2fc34438b113e86710d52ce06363e9ab1e74b9267dc2125de439e9712d596a7e"
"md","mimir-tone-setting","wds","wds/data/presentations/mimir-tone-setting.md","d91a4b1254d25cd2fc8585cfcb8025a397e3fa1224373e7728ceb5f697367d55"
"md","minimal","wds","wds/workflows/6-asset-generation/data/styles/design-styles/minimal.md","af0bb5711d221fe85faf0dfe59a1f15db2a1a05513996f85e1b58c49b24f79cf"
"md","monitoring-guide","wds","wds/workflows/8-product-evolution/data/monitoring-guide.md","f83c4c2475e86d01b8a38cce63d8548ab5ffdc734b269da8373ee7190771af89"
"md","monitoring-templates","wds","wds/workflows/8-product-evolution/data/monitoring-templates.md","a7270170ffbdc68c9c4b40704d01e47a37877287b81ec78716e58aa88ecd4444"
"md","naming-conventions","wds","wds/data/design-system/naming-conventions.md","dda71964bcc862788458be035e6cc1d74b47500030507dd7dee67eccd22744bf"
"md","NANO-BANANA-PROMPT-GUIDE","wds","wds/workflows/4-ux-design/data/guides/NANO-BANANA-PROMPT-GUIDE.md","4ca9708677652996e2d20c567bb955d344411ad130e7c381e94166a21dc2a53f"
"md","object-router","wds","wds/workflows/4-ux-design/data/object-types/object-router.md","60742ce6db8f924d01d66b5ffa6934894a560a69b11b3988c6158c4bde6a28dc"
"md","open-questions.instructions","wds","wds/workflows/4-ux-design/templates/instructions/open-questions.instructions.md","41e7ab05bfd97df27bce395e25e30ea379600dd1b32d6df90b79ab190cf98925"
"md","organic","wds","wds/workflows/6-asset-generation/data/styles/design-styles/organic.md","fb29ed154269ed4c25ac53333eb26e59608a1bb2fef7e8405ce493df769b0012"
"md","page-init-lightweight","wds","wds/workflows/4-ux-design/data/page-creation-flows/page-init-lightweight.md","70c8143cb67ac4d5a78cdef667933dccf9ad866dd811da9f7e75483329ca94be"
"md","page-process-templates","wds","wds/workflows/4-ux-design/data/page-creation-flows/page-process-templates.md","e935e2c2ec6baab831c7cfdaa99701baaaf6a993db7e18a93b4df6ca4bf3ff06"
"md","page-specification-workflow","wds","wds/workflows/4-ux-design/data/modular-architecture/02-workflows/page-specification-workflow.md","635667691b6080f488625c755a897caa7e84be42494c31b9f9a38b9e6fb17a7f"
"md","page-specification.template","wds","wds/workflows/4-ux-design/templates/page-specification.template.md","7c485f66bc310397d6e22c42b3f1744f657cf0d58a8b06e1a434a79cdd573f5d"
"md","pencil-sketch","wds","wds/workflows/6-asset-generation/data/styles/content-styles/pencil-sketch.md","744d2be58f337e4344e19a4952cd1488a00f488523c4a5332f7f174b2336bb79"
"md","persona-document.template","wds","wds/workflows/2-trigger-mapping/templates/persona-document.template.md","098224dcf4eeea73c850e95f912ca9455f2c852f79e544b2947c4485807b92c6"
"md","photorealistic","wds","wds/workflows/6-asset-generation/data/styles/content-styles/photorealistic.md","80d47d8b91d5b713af1ca4be84f533c591eb35b1ee59573a2c21d47437877f4a"
"md","pitch.template","wds","wds/workflows/1-project-brief/templates/pitch.template.md","2944e209ec189f6a2aa7b69b8d497864cb161a2526aaa3a3a6baff58e8dd8aa4"
"md","placeholder-templates","wds","wds/workflows/4-ux-design/data/page-creation-flows/placeholder-templates.md","34070e53b185ee3daab9f871860b6a654b34b5e8a3fd5e162da96c36eba43eb8"
"md","platform-requirements.template","wds","wds/workflows/1-project-brief/templates/platform-requirements.template.md","16cee156c72e7b945ebd6b2d4dda05c46dc0557b7108ed25b35e777902603153"
"md","playful","wds","wds/workflows/6-asset-generation/data/styles/design-styles/playful.md","13b1a2714235474734660b27ca63bcbc679eb616b53f492534bfad7bc629cb40"
"md","positioning-explore","wds","wds/workflows/1-project-brief/data/positioning-explore.md","e96c69b7a4ec67c91a8297cc9b18a2fa58b837e0ece493e78fa1c9218f040a55"
"md","positioning-open-conversation","wds","wds/workflows/1-project-brief/data/positioning-open-conversation.md","461b38ded57ed47878f028297bb283309d36578aeba8d44fc06f9a6509983d08"
"md","positioning-reflect-confirm","wds","wds/workflows/1-project-brief/data/positioning-reflect-confirm.md","d7ee0ebcef32ba904cfdf1cc7a97b5003ec6ce44d1ca121bd6673cd9d1d42df1"
"md","positioning-synthesize","wds","wds/workflows/1-project-brief/data/positioning-synthesize.md","f1f4daf3a99649cc744c367171e3c13ae1ab5dd0a267fbf109e62d5ce264abcb"
"md","progress-tracker","wds","wds/workflows/1-project-brief/templates/project-brief-dialog/progress-tracker.md","d9bb6e8c079bb905e72fb77ffb2ad0f8c024a444266b9d080174f9afded06816"
"md","project-brief.template","wds","wds/workflows/1-project-brief/templates/project-brief.template.md","9551ef08d1126f9c1c9c729898299f5ca28f46af125b5920ccfb2e133232bf9c"
"md","PROTOTYPE-ANALYSIS","wds","wds/workflows/5-agentic-development/data/guides/PROTOTYPE-ANALYSIS.md","f328d1dc206a34e6f0c82593ff844f7a0460ecf46a550c2b018f10d7e602481f"
"md","PROTOTYPE-INITIATION-DIALOG","wds","wds/workflows/5-agentic-development/data/guides/PROTOTYPE-INITIATION-DIALOG.md","884afc687e0ed713c88b5baa4ba829eb7f6a3f692c0778e7a5cc03f50f1f5395"
"md","PROTOTYPE-ROADMAP-template","wds","wds/workflows/5-agentic-development/templates/PROTOTYPE-ROADMAP-template.md","14cf256647195d56ef1158e2b7c42bdf5eed6f1f070f39a9b437dfb453f087a0"
"md","prototype-to-figma-workflow","wds","wds/workflows/6-asset-generation/data/prototype-to-figma-workflow.md","9cbaba00133b33d22972f2a2552faa0427d3ae0ca80ff79e871edc2fc34c7630"
"md","quality-checklist","wds","wds/workflows/2-trigger-mapping/data/quality-checklist.md","ee33eb6b994764e2e469ec4a30f92c67ec0184c6e502c57480513dd350084d48"
"md","quality-checklist","wds","wds/workflows/3-scenarios/data/quality-checklist.md","3d44a3b2dd7b99f7876554a05ac89cfb5273d3a073dd54319c64ca7454c5c96c"
"md","quality-guide","wds","wds/workflows/4-ux-design/data/quality-guide.md","bffdc24debd6878009937a8c31667c98d631ca0d31263b37319e3099a178fc77"
"md","responsive.instructions","wds","wds/workflows/4-ux-design/templates/instructions/responsive.instructions.md","eb1a975e9595341d5f66736d830c5c21becd41e11f613cdbdccabd1444f367c4"
"md","ROUTER-FLOW-DIAGRAM","wds","wds/workflows/4-ux-design/data/object-types/ROUTER-FLOW-DIAGRAM.md","80572e614c01bc8d986ad3bba5272415cef6b14b05401624dab0a5a9fd5be4c9"
"md","saas-example","wds","wds/workflows/4-ux-design/data/scenario-init/examples/saas-example.md","07d827fc85a6c86aa1352a7858b6d690d531d7a1296880f3f04009b89c67a279"
"md","saga-how-i-help","wds","wds/data/presentations/saga-how-i-help.md","c683061b95d1345a986a546ac5c967370cd4da4212df40d106efe3d1c6f489ca"
"md","saga-intro","wds","wds/data/presentations/saga-intro.md","d99f19f760fd9e8cfc478f88e189bc2209b5d7dca4cd8a5e480d5505e99cc4c4"
"md","saga-presentation","wds","wds/data/presentations/saga-presentation.md","9887392e59a33c262ac0c54860a5488eba9ddba0dc6fbfbb0c4fb90ad9e696cf"
"md","saga-workflows-guide","wds","wds/data/presentations/saga-workflows-guide.md","312124b9b0cbac3683ed6e7d4557cfff5eabe5b12bc3c946cb581b367b40d0c6"
"md","saga.activation","wds","wds/skills/saga.activation.md","040b2b9a65fcaad266bed1cdc3a86f8b821204bb35cfb150a7b725c04f927fa3"
"md","scenario-init-dialog","wds","wds/workflows/4-ux-design/data/scenario-init/scenario-init-dialog.md","05ac257ebfde9234fd39b9f3bc59bb368815129f82993f14fa77e19642e893ee"
"md","scenario-init-guide","wds","wds/workflows/4-ux-design/data/scenario-init/scenario-init-guide.md","5f725abf3fbeab6e1270ecb2d94f9d8b880b33d896937210d7b6040c688067e9"
"md","scenario-init-process","wds","wds/workflows/4-ux-design/data/scenario-init/scenario-init-process.md","355c38688d97832ad2519e31cd93c6bff29476887ca8b3176d1e32aa1ca20688"
"md","scenario-outline-template","wds","wds/workflows/3-scenarios/data/scenario-outline-template.md","4450a716646a625898b149c3b9828ae51b3e81c8ad80258b99bb251648e36313"
"md","scenario-overview.template","wds","wds/workflows/4-ux-design/templates/scenario-overview.template.md","83c2f962c6d48eaa8989287d269a80a468c063a390c43cbfa4fda822be7a5f57"
"md","seo-content.instructions","wds","wds/workflows/4-ux-design/templates/instructions/seo-content.instructions.md","55c70a2aaf2739e985f19af97a2d236286090f507b71e55833db3fa311998cba"
"md","seo-strategy-guide","wds","wds/data/agent-guides/saga/seo-strategy-guide.md","7e1fe5d43e9554fa089899bf3cd29dfccbef33b34f5f18dd7885c205c620b1d4"
"md","SEO-VALIDATION-GUIDE","wds","wds/workflows/5-agentic-development/data/guides/SEO-VALIDATION-GUIDE.md","31ec913664d27213fd582f6470b170a64c40426bdceb97e6ea0facb5a73a3cbc"
"md","service-agreement.template","wds","wds/workflows/1-project-brief/templates/service-agreement.template.md","f53653ee4cc5483a404bb0e8b1dff599760af9dd70e9eb79d1f15a228daf54da"
"md","SESSION-PROTOCOL","wds","wds/workflows/5-agentic-development/data/guides/SESSION-PROTOCOL.md","28b9736823acfef4d83abc564bf82b880d271a629e9aa9a1799e68a946d39fbc"
"md","signoff.template","wds","wds/workflows/1-project-brief/templates/signoff.template.md","125d106ea4590b6f57b8bc63bec8b5462746ca39f65aef7e2bdbb54d5e476782"
"md","simplified-brief.template","wds","wds/workflows/1-project-brief/templates/simplified-brief.template.md","5ee5784db28943bf0ca5536f04e7e72e35c7d1ce395d5c7375b6d7080c37a38f"
"md","SKETCH-TEXT-ANALYSIS-GUIDE","wds","wds/workflows/4-ux-design/data/guides/SKETCH-TEXT-ANALYSIS-GUIDE.md","4710b9483e6b5e48de07d80362f805976ac99386a8d0b8510355194924657658"
"md","SKETCH-TEXT-QUICK-REFERENCE","wds","wds/workflows/4-ux-design/data/guides/SKETCH-TEXT-QUICK-REFERENCE.md","999006df2b7cd8f8958138cd84878f0f20cb25bccf028438c7d91047f9bf5583"
"md","specification-audit-workflow","wds","wds/workflows/4-ux-design/data/specification-audit-workflow.md","422064b49941093f321c97e598d8bd2e4ddb15b563507b21b82630bb789d1fa8"
"md","specification-quality","wds","wds/data/agent-guides/freya/specification-quality.md","649254c665a74547eef7c2cc6fe45929d67814803541dbbe708eae732fef7e00"
"md","state-management","wds","wds/data/design-system/state-management.md","b0647af582ac68b65064f8069ef1b3cfc04c657212acf6f5eac2cf1742b0429e"
"md","step-00-define-purpose","wds","wds/workflows/6-asset-generation/steps-c/step-00-define-purpose.md","878662db42d1e0e60887d42d243818f9a70c4c80a0a1d963494cc47ddd2cb81a"
"md","step-00-nb-setup","wds","wds/workflows/4-ux-design/steps-w/step-00-nb-setup.md","6acf9f14606e33df05825a8aaa3788d39efcc3b070d12bc53eb607579e1a323b"
"md","step-00-simplified-brief","wds","wds/workflows/1-project-brief/steps-c/step-00-simplified-brief.md","59c9a1d4915146da9eb1015bd240540e64e6d4f0084af6f4c94c2de2428368db"
"md","step-00a-documentation-synthesis","wds","wds/workflows/2-trigger-mapping/steps-c/step-00a-documentation-synthesis.md","0b3c757799b8b7f8a5a8aaad2e01af37ee9175b33ebf585dffd3281501bd30b4"
"md","step-00b-business-goals-extract","wds","wds/workflows/2-trigger-mapping/steps-c/step-00b-business-goals-extract.md","d1f38fc337de4e315c90e034f63e8968eef9f58f3aa66f98962d49f63a5201fa"
"md","step-00c-target-groups-extract","wds","wds/workflows/2-trigger-mapping/steps-c/step-00c-target-groups-extract.md","cd49f020f1ad46bd8303729c0da967efb461bd972f4923a57c3ccb4cae4190f5"
"md","step-00d-driving-forces-extract","wds","wds/workflows/2-trigger-mapping/steps-c/step-00d-driving-forces-extract.md","cb2bc2c4a8bede93e4cdabcaddbbcb878feaab8d1cdc20523621f4c38f3f757f"
"md","step-00e-prioritization-extract","wds","wds/workflows/2-trigger-mapping/steps-c/step-00e-prioritization-extract.md","542252af255cf268e720fbd5c51f4865724027e657ae531e15d046f56b358202"
"md","step-00f-gap-analysis","wds","wds/workflows/2-trigger-mapping/steps-c/step-00f-gap-analysis.md","d2ba1de3a481d07040d4b1c9199ad0c6149dd8f8851ddf7a799b36c8315bd3f8"
"md","step-01-brief-completeness","wds","wds/workflows/1-project-brief/steps-v/step-01-brief-completeness.md","beb834e4b1e399e6846c94c1409cb5254188cfc66322947e009a39f8b158a7cf"
"md","step-01-connection-check","wds","wds/workflows/6-asset-generation/steps-f/step-01-connection-check.md","339662a07661540218be0a02455ef532cf33707252ab29732b8562aade544a6f"
"md","step-01-core-feature","wds","wds/workflows/4-ux-design/steps-s/step-01-core-feature.md","12bbe15ec35c0fa435c0645712f358c2f6f8095316b0f2f5b1e086def2c1caf3"
"md","step-01-create-delivery","wds","wds/workflows/8-product-evolution/steps-p/step-01-create-delivery.md","0fb5df051f75ab79a0aed46572ea6c46bb37a727a103c89e57f370b9151c1ec4"
"md","step-01-define-question","wds","wds/workflows/5-agentic-development/steps-a/step-01-define-question.md","9e61ce03c72657adddf91322ba7c859a7a988e376f0e47a6e059555e29342794"
"md","step-01-design-update","wds","wds/workflows/8-product-evolution/steps-d/step-01-design-update.md","451433fff17ca02511bba9cd3f3ff9304311f987f2f0e1748c75087eefb31157"
"md","step-01-detect-completion","wds","wds/workflows/4-ux-design/steps-h/step-01-detect-completion.md","534b0af29956ef26a14c6000a3604b3ae99174b0e4180f427f94047550b25114"
"md","step-01-exploration","wds","wds/workflows/4-ux-design/steps-c/step-01-exploration.md","1a9a29ea604b17282ad0542e28031ad7ec5dcee89a148cd530bf705cd2c83785"
"md","step-01-identify","wds","wds/workflows/8-product-evolution/steps-a/step-01-identify.md","64b79a0024a15a3d8434d4732b64acde4cfd78fc8d259a2a161d53caf778d930"
"md","step-01-identify-target","wds","wds/workflows/5-agentic-development/steps-r/step-01-identify-target.md","c9c53ed1ca33f522c9c3248e3bb69febb8f36e9b6b35f0fb4d3988133393e873"
"md","step-01-init","wds","wds/workflows/1-project-brief/steps-c/step-01-init.md","07227254778c7b55cc5796f6cc3a2980960373c713af574db9cb360285c62013"
"md","step-01-load-context","wds","wds/workflows/3-scenarios/steps-c/step-01-load-context.md","2604da6dfaecf43d749441ca3249e708ed6d4b34e43f22cb13be54cd17a391d9"
"md","step-01-load-context","wds","wds/workflows/6-asset-generation/steps-i/step-01-load-context.md","a191752975a5e4086b3d3110ecd8f6020cc76d0375e56e7eedc94529577427a0"
"md","step-01-load-context","wds","wds/workflows/6-asset-generation/steps-m/step-01-load-context.md","4e19f6202a271afddec97cd472d1d12da8570f8a20b5241545d00725c7f6eddd"
"md","step-01-load-context","wds","wds/workflows/6-asset-generation/steps-p/step-01-load-context.md","85f83635ff0556d991e87947f936fab5420404d84b73c8f38c1c5e142048bbcb"
"md","step-01-load-context","wds","wds/workflows/6-asset-generation/steps-u/step-01-load-context.md","87964242daf36ffc7332204b0f0912bbc9475eeb71ad5433da7ef39c8a5aa5ef"
"md","step-01-load-context","wds","wds/workflows/6-asset-generation/steps-v/step-01-load-context.md","532d5bed2da3b0215a69e4e5ad4f92bdf8150cc82810e11d4e4f6045971ad248"
"md","step-01-load-context","wds","wds/workflows/6-asset-generation/steps-w/step-01-load-context.md","73421e3a92a0cfb3c390c8e9b15e0a3986248d1ba0cc64b8b4005230bbcdce96"
"md","step-01-load-trigger-map-context","wds","wds/workflows/6-asset-generation/steps-c/step-01-load-trigger-map-context.md","ebbaaa626df870c00fdf2a9a0e91711660520bca460528ed310df1786436dced"
"md","step-01-overview","wds","wds/workflows/2-trigger-mapping/steps-c/step-01-overview.md","aa45902d4975716f5b59bdeb25e96121678cbd0d24267b4313a606cd05d7c085"
"md","step-01-page-basics","wds","wds/workflows/4-ux-design/steps-p/step-01-page-basics.md","cd429500c6f0b868571940555cfd3854b7e4f43c8daabbe42fac4e1dd55cd657"
"md","step-01-page-metadata","wds","wds/workflows/4-ux-design/steps-v/step-01-page-metadata.md","bc3cdef33e7d0b3d604ae467e900483e33b7f52ac1064ab4016222037418b66c"
"md","step-01-prepare","wds","wds/workflows/5-agentic-development/steps-t/step-01-prepare.md","af73f0c4819a64548e496beb14d9c9c8c57200754e4697fa7b6d83b4d613585c"
"md","step-01-reproduce","wds","wds/workflows/5-agentic-development/steps-f/step-01-reproduce.md","ca8245f3dc13e03d0c2dca6b0b35a5ec17a50aea7c90203df091cd245e5d0827"
"md","step-01-review-current","wds","wds/workflows/4-ux-design/steps-m/step-01-review-current.md","7ab220cb8655fbd663dff54a7ed1eceda396101f8e8f255b790ede517363cc55"
"md","step-01-scan-existing","wds","wds/workflows/7-design-system/steps-c/step-01-scan-existing.md","857bbf2fe9b472f8b7cee80ccd170e808dbb77a4d65641e55047e52cccddd6be"
"md","step-01-scenario-coverage","wds","wds/workflows/3-scenarios/steps-v/step-01-scenario-coverage.md","a2b9e923f99bad774f04d8e515f97adf2bb194ff2668ba9454ca8b7361fd6453"
"md","step-01-scope-and-plan","wds","wds/workflows/5-agentic-development/steps-d/step-01-scope-and-plan.md","b6b7de1ae908bde72ad54f6ddcbccdcac335b4c93d693cd2d45ce4d825966c97"
"md","step-01-scope-change","wds","wds/workflows/5-agentic-development/steps-e/step-01-scope-change.md","649d1110f156ead2406560003793dd7c99d9c7e8bd71425067c11b6926e3c0de"
"md","step-01-sketch-analysis","wds","wds/workflows/4-ux-design/steps-k/step-01-sketch-analysis.md","10dc1fbe8c899c66ef01c56c5d1b23f0fe1a3cde4ef5d2b43dfa5393eab1ee2d"
"md","step-01-target-group-coverage","wds","wds/workflows/2-trigger-mapping/steps-v/step-01-target-group-coverage.md","1493599455e40c896fbe31258c33e6b5e3fa32a1667af2cbc74da31e50c77dfb"
"md","step-01-validate","wds","wds/workflows/8-product-evolution/steps-t/step-01-validate.md","f3dbbe149d20cf1fa667435bd391c4687fca2733b7c1ac54d6d3de08e19ff429"
"md","step-01-visual-approach","wds","wds/workflows/4-ux-design/steps-w/step-01-visual-approach.md","23416cad271ca571d03fc8cf7a03eb9cba3eed6c2680d6eacc2193c8f80eaaca"
"md","step-01-welcome","wds","wds/workflows/0-project-setup/steps/step-01-welcome.md","166a26b06c75c6e9cef17ded76723c6ca3085d783c8d32159564bcff64e02972"
"md","step-01a-understand-situation","wds","wds/workflows/0-alignment-signoff/steps-c/step-01a-understand-situation.md","7b73a05e28dfa694183afea8ae43b151866ce7dfbe440a4ffd87e15c327d5534"
"md","step-01b-determine-if-needed","wds","wds/workflows/0-alignment-signoff/steps-c/step-01b-determine-if-needed.md","b8a405b6d8c46fa4643cd88906fdecc4050f0e079a8242c8676a566e63ebcb81"
"md","step-01c-offer-extract","wds","wds/workflows/0-alignment-signoff/steps-c/step-01c-offer-extract.md","0b8a5d7a4cb386b9270777d7a74f2bb10ac078bcc1fc71bbb1eb90bd475e0b78"
"md","step-01d-extract-info","wds","wds/workflows/0-alignment-signoff/steps-c/step-01d-extract-info.md","3c907775aaa91c125f3a7207e93c9994a868c1cb8a2f7de784b1ccb997ae18cb"
"md","step-01e-detect-starting-point","wds","wds/workflows/0-alignment-signoff/steps-c/step-01e-detect-starting-point.md","8f0410de878bf19f8d85a3a5a35930a0b9f06d5e33f04674ce4e00c242d00b8e"
"md","step-02-analyze-impact","wds","wds/workflows/5-agentic-development/steps-e/step-02-analyze-impact.md","36825d9353f37b201af3d8f06fdc8e32e400f705cb90483eb9e58b01fbfbbf36"
"md","step-02-analyze-scope","wds","wds/workflows/3-scenarios/steps-c/step-02-analyze-scope.md","f50860f8541366f075911188e064a65bc2ae43a37040f36902a18e6b20b82cf2"
"md","step-02-awareness-strategy","wds","wds/workflows/6-asset-generation/steps-c/step-02-awareness-strategy.md","173c57fd273f52d7954ec1c2f170d62bd5393931313fa0de6f6fda730ea8f970"
"md","step-02-business-goals","wds","wds/workflows/2-trigger-mapping/steps-c/step-02-business-goals.md","4d7d0473430e14f0995fbf2815ca1ffc992b35e6e2c41e99ad7a3fbdb200b27c"
"md","step-02-compare-attributes","wds","wds/workflows/7-design-system/steps-c/step-02-compare-attributes.md","12ffc4a3063bc57cdf8cb9d18c949a1a170dd3a3b58812436df2ae78fd4836f3"
"md","step-02-create-delivery","wds","wds/workflows/4-ux-design/steps-h/step-02-create-delivery.md","14a65989aaee497197b5126c7b9d57c5e45efc753f4bc13dc4ee0ad2d7328a36"
"md","step-02-define-component","wds","wds/workflows/4-ux-design/steps-m/step-02-define-component.md","67884600a371ea5cc10dfc6b038bbeacb5b72852d35d414cca4a89384a7b0d59"
"md","step-02-entry-point","wds","wds/workflows/4-ux-design/steps-s/step-02-entry-point.md","5040c5a9c2ecb20c82b9d348a21e47c0bafb8cd8c7e81391685adf4d3deb0b82"
"md","step-02-execute","wds","wds/workflows/5-agentic-development/steps-t/step-02-execute.md","f2d486a1cc7f4a8a269e2ade1e1e98d76839c81847b86b0e427ebbea5b180f75"
"md","step-02-explore-and-capture","wds","wds/workflows/5-agentic-development/steps-r/step-02-explore-and-capture.md","53a15b30d3faca69ff098449fca744c448b7ef4fedc7362deef6feb9850333cd"
"md","step-02-gather-context","wds","wds/workflows/8-product-evolution/steps-a/step-02-gather-context.md","505763e15aeb8fd2d57753bc33ae367ddb108b378aee70fbb1995900ada16d1d"
"md","step-02-generate-visual","wds","wds/workflows/4-ux-design/steps-w/step-02-generate-visual.md","f0181fc7c2155568ef810ca51d258d8ca4f1118cff2a6fb038f039bb706d3d1f"
"md","step-02-hand-off","wds","wds/workflows/8-product-evolution/steps-p/step-02-hand-off.md","8775f330ba6739f015a66bef50e3f58a8549b86034c2753fb85052bf38ddb134"
"md","step-02-identify-export-type","wds","wds/workflows/6-asset-generation/steps-f/step-02-identify-export-type.md","fc787bb881bb9079994cff02853a3709c93aa0e9782a61d9ecc23305586334d3"
"md","step-02-inventory","wds","wds/workflows/6-asset-generation/steps-i/step-02-inventory.md","91d27fee0c3d6f08e944c71f4ecacf68ca7e49ff8c6b2a85519b6e91a82f15d7"
"md","step-02-inventory","wds","wds/workflows/6-asset-generation/steps-m/step-02-inventory.md","3c03882ce4f372ce28fa0b3a0980dd2532ba059ed99b4b6ad139fc4910245e4a"
"md","step-02-inventory","wds","wds/workflows/6-asset-generation/steps-p/step-02-inventory.md","3ba4d8f9a127a2ef51524d8746b6a04cd6f33efc22007d7bbe10e811485b3f80"
"md","step-02-inventory","wds","wds/workflows/6-asset-generation/steps-u/step-02-inventory.md","2d4d079e7087c054bad65e10863e1fbae4198c4e4190b18a6371d39867a48d25"
"md","step-02-inventory","wds","wds/workflows/6-asset-generation/steps-v/step-02-inventory.md","6270770a5228db2933872a256a0dc50ab1fbe4a4fc49d75aa2a7a322bdf37bda"
"md","step-02-inventory","wds","wds/workflows/6-asset-generation/steps-w/step-02-inventory.md","5b82d3f622c2985951cda509438e086b8ad14b9ecd0a7ef9bb61fda52812487b"
"md","step-02-investigate","wds","wds/workflows/5-agentic-development/steps-f/step-02-investigate.md","682c73aff1415387489f88a24d3149931be2117fa388c1605978859118a64bc3"
"md","step-02-layout-sections","wds","wds/workflows/4-ux-design/steps-p/step-02-layout-sections.md","7add63be83b3aad3fd1cd3ed5d693787806025001407fbaf4cdaf9f5e69f7200"
"md","step-02-navigation","wds","wds/workflows/4-ux-design/steps-v/step-02-navigation.md","767f26e0b51b880cea85b54ab578cad088fec94877c4c85ed19cd38f4ad5a610"
"md","step-02-navigation-patterns","wds","wds/workflows/3-scenarios/steps-v/step-02-navigation-patterns.md","417189dac667c779761c997e1fe0f7c43efe4be6fa8bcc3fe4519ca8b58f8d49"
"md","step-02-prioritization-integrity","wds","wds/workflows/2-trigger-mapping/steps-v/step-02-prioritization-integrity.md","aa89b552cbb56262e3fe9c561fccd3128289fab89bfe0ce127e4e317cb304a44"
"md","step-02-scan-codebase","wds","wds/workflows/5-agentic-development/steps-a/step-02-scan-codebase.md","6e18397d9ed07efc2d13fcd5c6c150fb34bc825840289da05e1eb7ed5757c4b3"
"md","step-02-setup-environment","wds","wds/workflows/5-agentic-development/steps-d/step-02-setup-environment.md","0881db2887a8ea3fa05adbc36107b5bd29a2ccfbbcd5543de8af5d96a8022984"
"md","step-02-structure","wds","wds/workflows/0-project-setup/steps/step-02-structure.md","1a548b3e1be0c8685228e54a3ee8b0ebba53d9966104d3fe544ec6ff1edb7cc6"
"md","step-02-trigger-map-consistency","wds","wds/workflows/1-project-brief/steps-v/step-02-trigger-map-consistency.md","3defe3a801e6ba3cc270e857b05c98dc73eb339dba9c4132e7b9057e16bf48da"
"md","step-02-vision","wds","wds/workflows/1-project-brief/steps-c/step-02-vision.md","d6ce9ea9107958a20615a5938fe27ee2edd11c3b4b41acacf5eaea64e31ac0e8"
"md","step-02a-explore-realization","wds","wds/workflows/0-alignment-signoff/steps-c/step-02a-explore-realization.md","f9fffde15d4d88690cc720454a0ac1973fb15ee85555ef5eeab28d4b4075a8db"
"md","step-02b-explore-solution","wds","wds/workflows/0-alignment-signoff/steps-c/step-02b-explore-solution.md","aabd36bd42382a62013acd0f7e11f3d52672859536096342beaf14027f85eb8d"
"md","step-02c-explore-why-it-matters","wds","wds/workflows/0-alignment-signoff/steps-c/step-02c-explore-why-it-matters.md","7f183dea8c6ed155c93ac9c63d4e4a8390dd4fbdebaf5027c92a5e429550a06c"
"md","step-02d-explore-how-we-see-it-working","wds","wds/workflows/0-alignment-signoff/steps-c/step-02d-explore-how-we-see-it-working.md","867facd2d44f0b6fd3b221e4933e72ec7609ae13c9bedec8c5f3ef1ee0ed6ab4"
"md","step-02e-explore-paths-we-explored","wds","wds/workflows/0-alignment-signoff/steps-c/step-02e-explore-paths-we-explored.md","ead7fdac0638d6a7759165fbf895666feca3a1a1a6d49ab4da50a707554b68ab"
"md","step-02f-explore-recommended-solution","wds","wds/workflows/0-alignment-signoff/steps-c/step-02f-explore-recommended-solution.md","65880fc237f41e8c85b5feaec6e9aad2b7c5da72cb7cff4f4aa46f2d801c5045"
"md","step-02g-explore-path-forward","wds","wds/workflows/0-alignment-signoff/steps-c/step-02g-explore-path-forward.md","9d6d454ae8fb194b2e50fb52fc0e9e0644eade5ebdc3f7cff9d4663c06259fc7"
"md","step-02h-explore-value-we-create","wds","wds/workflows/0-alignment-signoff/steps-c/step-02h-explore-value-we-create.md","7fe24e75e4c26f0e338f15f390883d228f022955db0619c2c7f7af9a5967de88"
"md","step-02i-explore-cost-of-inaction","wds","wds/workflows/0-alignment-signoff/steps-c/step-02i-explore-cost-of-inaction.md","b2cb490ccfd1ba2cf9f2d727b2b80c8fa03f2b943d1b9204fb2d85ef7625ad18"
"md","step-02j-explore-our-commitment","wds","wds/workflows/0-alignment-signoff/steps-c/step-02j-explore-our-commitment.md","9f0ba57e88de84ce26a7968af40498130a2cb115a9eefcba7e44937113d8ffac"
"md","step-02k-explore-summary","wds","wds/workflows/0-alignment-signoff/steps-c/step-02k-explore-summary.md","e6281c64b04051628901b70f74c55e8427fd1e3746c8b920d16e1f0fe48b2827"
"md","step-02w-nb-compose-prompt","wds","wds/workflows/4-ux-design/steps-w/step-02w-nb-compose-prompt.md","9e1d8f46cc16270959ce0036e8af13c59d8732db940397d6776489324e5f1ef9"
"md","step-03-action-filter","wds","wds/workflows/6-asset-generation/steps-c/step-03-action-filter.md","b3b80e39a81b4963fa5076b8e861b6d7b24f495da045c8cccead6effb4da341c"
"md","step-03-build-strategic-context","wds","wds/workflows/3-scenarios/steps-c/step-03-build-strategic-context.md","e18a947a445f97da0c2706c89067a88b4203a57e5230e23b6328958be4059a9d"
"md","step-03-calculate-similarity","wds","wds/workflows/7-design-system/steps-c/step-03-calculate-similarity.md","8a76f79ca173fe78ff3807fe7baf81004f0ff403b07ffefb7e863a186c681027"
"md","step-03-components-objects","wds","wds/workflows/4-ux-design/steps-p/step-03-components-objects.md","55a1541c8876049ea58c36f4dc2f251b4aeb117ec7dc1b0974b148a2f51d379a"
"md","step-03-create-test-scenario","wds","wds/workflows/4-ux-design/steps-h/step-03-create-test-scenario.md","e02f5775428fa9bb47e1a48b91b227aaa50181a9d5eb2c3eedf42d770af8756c"
"md","step-03-document-issues","wds","wds/workflows/5-agentic-development/steps-t/step-03-document-issues.md","254c9f2dbd148ff89106c2c8e2c3db530c35c83fc6a8ad0cb139707c86c39bcc"
"md","step-03-fix","wds","wds/workflows/5-agentic-development/steps-f/step-03-fix.md","06c13ad06ea0d3e337bbb1df2c4b955abd20d6a7d84e9b714f0b6a8bd951d3aa"
"md","step-03-generate-specs","wds","wds/workflows/5-agentic-development/steps-r/step-03-generate-specs.md","295465fdb33a86f2b8228dbc6d7525b14168e4c77ceb6aa19da35857bbce07a8"
"md","step-03-implement","wds","wds/workflows/5-agentic-development/steps-d/step-03-implement.md","081333201550cb4a7c1082b08fe5d755050f8729647f7397b5c7b48e73860ed8"
"md","step-03-map-architecture","wds","wds/workflows/5-agentic-development/steps-a/step-03-map-architecture.md","68694cd4a3c58d208c8a727591414d7872937ee9813b54c5a44c6689646ae4f5"
"md","step-03-mental-state","wds","wds/workflows/4-ux-design/steps-s/step-03-mental-state.md","5a9501d1424623905c8a39afe2f3e713085004472d1b65a620bdc640a3921fd8"
"md","step-03-outline-completeness","wds","wds/workflows/3-scenarios/steps-v/step-03-outline-completeness.md","e13002ee722705f70a5c19dd6fc0cd1aae1b560b721e7744a031e023e9c2bc3d"
"md","step-03-page-overview","wds","wds/workflows/4-ux-design/steps-v/step-03-page-overview.md","f342fa98273e5b1d05e42cfdfc6097de33173349c01ba5d885ca68fd0ff075f4"
"md","step-03-persona-consistency","wds","wds/workflows/2-trigger-mapping/steps-v/step-03-persona-consistency.md","560d65920e30df389ef5a04f102b2d34ee1858a1d83c597c3edeee911ad7ef9d"
"md","step-03-plan-implementation","wds","wds/workflows/5-agentic-development/steps-e/step-03-plan-implementation.md","9b346d428d44a16867ef9687f649ef7c22e9e995fb60a2c7c7d57d9b2acf5fe4"
"md","step-03-positioning","wds","wds/workflows/1-project-brief/steps-c/step-03-positioning.md","1c8197e37b333b2eae10ac8c33c7ee79ea7266eebb800c86b9b35db97ff197cd"
"md","step-03-prepare-specifications","wds","wds/workflows/6-asset-generation/steps-f/step-03-prepare-specifications.md","f08d624db4e663e61dc3383fd02f99758a30ba8a85ffbd229369b9801e641af1"
"md","step-03-review-integrate","wds","wds/workflows/4-ux-design/steps-w/step-03-review-integrate.md","a9134e1bbc66df5d3467a72dddebcb8f41f62c9a7ecbac2649701e4b28818012"
"md","step-03-select-style","wds","wds/workflows/6-asset-generation/steps-i/step-03-select-style.md","e10e2daab7fa29bc1d7953bfbcfb21f6aafec3dcbee016a977b29f4a5b1f9bb6"
"md","step-03-select-style","wds","wds/workflows/6-asset-generation/steps-m/step-03-select-style.md","559be0f2a557c1b346c91866b3c80ec35192ffdf9d1458566068b4feaa0b9f95"
"md","step-03-select-style","wds","wds/workflows/6-asset-generation/steps-p/step-03-select-style.md","e56375b3ed2d752baaa9c893d88403671fcc890a9e72d2c876cb7cb9352c219c"
"md","step-03-select-style","wds","wds/workflows/6-asset-generation/steps-u/step-03-select-style.md","bcf57a792bc5d72422e05428b5e8a7990be59115895cfdf3df38ed48b82e2ad0"
"md","step-03-select-style","wds","wds/workflows/6-asset-generation/steps-v/step-03-select-style.md","530163f5008093c7db04933b1e3498cb39c03352ec622663b9775cf1ce2de7d2"
"md","step-03-select-style","wds","wds/workflows/6-asset-generation/steps-w/step-03-select-style.md","0a1df80fe67ad458384ff8771d9f32b016901f5db506fb3026461029ec5aa9a3"
"md","step-03-seo-strategy","wds","wds/workflows/1-project-brief/steps-v/step-03-seo-strategy.md","418955caeadbc07aa436928904a32907e5732cbc7d33590a036095afe59ef7b3"
"md","step-03-target-groups","wds","wds/workflows/2-trigger-mapping/steps-c/step-03-target-groups.md","f789487e126109d225af51daf5aa6657605be0cc051138b608849cf553667b09"
"md","step-03-validate-usage","wds","wds/workflows/4-ux-design/steps-m/step-03-validate-usage.md","0a53458371e77a2b8c0af69b72e3c4a05a44cc934b52e264eab9dc1833853849"
"md","step-03a-reflect-back","wds","wds/workflows/0-alignment-signoff/steps-c/step-03a-reflect-back.md","3e783153ba829535deb81b00acd24f651b9b4ec3a2eea78b38862d8f134ee584"
"md","step-03b-synthesize-document","wds","wds/workflows/0-alignment-signoff/steps-c/step-03b-synthesize-document.md","166630ae12c3182cfb36d2bfd80613e94ea7c9fafc141d93931e0257a2b2d5ea"
"md","step-03d-present-approval","wds","wds/workflows/0-alignment-signoff/steps-c/step-03d-present-approval.md","324df83806f7c95d2b689ebe531bb123d81bb54f6643093c5c00464bb8761a4e"
"md","step-04-content-language","wds","wds/workflows/1-project-brief/steps-v/step-04-content-language.md","b6a36ff8887dc67123bbba445d673c8a350e8582c66f1903038c9511ceca51d7"
"md","step-04-content-languages","wds","wds/workflows/4-ux-design/steps-p/step-04-content-languages.md","e7785d8d071e4391d562003ad481bae3bb8d0f0edd36357d66a16e1728c81d64"
"md","step-04-cross-scenario-consistency","wds","wds/workflows/3-scenarios/steps-v/step-04-cross-scenario-consistency.md","9006ad14e5ec6f12d47bf549dee686fc3d585cb84e6a8f703bebe7d48178fb5c"
"md","step-04-document-findings","wds","wds/workflows/5-agentic-development/steps-a/step-04-document-findings.md","6d228ca5a66b595a999da745e4397486b83b85031f0b320454d62f3ce280dc4d"
"md","step-04-driving-forces","wds","wds/workflows/2-trigger-mapping/steps-c/step-04-driving-forces.md","fe3a218cebc032b700c5eef569ed54b8fdff7bd8626cec662a1e9b551c5f8608"
"md","step-04-empowerment-frame","wds","wds/workflows/6-asset-generation/steps-c/step-04-empowerment-frame.md","46d64c1e005e3e4e8c52628db9d1db916ed14d5553698992456e93381b6f16e8"
"md","step-04-extract-design-system","wds","wds/workflows/5-agentic-development/steps-r/step-04-extract-design-system.md","9b3b7f42ee2937b9a50fd509cce40ee916104f0aa2ca5b5b1e0a0a06bdaf08da"
"md","step-04-feature-impact-alignment","wds","wds/workflows/2-trigger-mapping/steps-v/step-04-feature-impact-alignment.md","47e2d095e5b56f347d49f39eef9e60ba2612db52ed434456ddeba55cbe6194d5"
"md","step-04-generate","wds","wds/workflows/6-asset-generation/steps-i/step-04-generate.md","8a8656663859d5eea39573b27d6285bc547bdf52106d5bb3bb75e4d196804b59"
"md","step-04-generate","wds","wds/workflows/6-asset-generation/steps-p/step-04-generate.md","894c97fa768b9f860e3a123eac69b21f0987facbc9aad8cb616a58ada08809db"
"md","step-04-generate","wds","wds/workflows/6-asset-generation/steps-u/step-04-generate.md","20baac1cffbf94e3f9feaaf7d555181c46b25a0009ab2d7e5add1c58bf7e1e1d"
"md","step-04-generate","wds","wds/workflows/6-asset-generation/steps-v/step-04-generate.md","3cc5edfef5629f5ee9c82a66bf271d58ee5902c82375ee9ab63b1b00e90de4d4"
"md","step-04-generate","wds","wds/workflows/6-asset-generation/steps-w/step-04-generate.md","0c24cd529fb2fa6fe64e7aa4dd68be33192a3a80f8050f0538741da3d97a8125"
"md","step-04-generate-validate","wds","wds/workflows/6-asset-generation/steps-f/step-04-generate-validate.md","dc0b9af7f1e4ace89ee190875d1f867c6b0abbc4a5f98b1942b922bf2f718a1d"
"md","step-04-handoff-dialog","wds","wds/workflows/4-ux-design/steps-h/step-04-handoff-dialog.md","b3c5f557b596f3d3d044360c8c9e6cb873a962d0f37b33a703ed551c70602cb1"
"md","step-04-identify-opportunities","wds","wds/workflows/7-design-system/steps-c/step-04-identify-opportunities.md","7f258d9cea7f036077ee4c3462cc6e8ad49a7ad5c6f6d73329f06c1bf4e137f0"
"md","step-04-implement","wds","wds/workflows/5-agentic-development/steps-e/step-04-implement.md","e67b00aac0be1ba8481507fb88381f14594a647dbe5d2391b02f46847151ed74"
"md","step-04-mutual-success","wds","wds/workflows/4-ux-design/steps-s/step-04-mutual-success.md","dab75ce6626bb7c191896e28884a806530e145b116322a771579238229c16c03"
"md","step-04-page-sections","wds","wds/workflows/4-ux-design/steps-v/step-04-page-sections.md","937f8ce8b18bc2ce8c6d6e5e9e2befe43098cc99c799f48ac3e3e4063643c936"
"md","step-04-references","wds","wds/workflows/6-asset-generation/steps-m/step-04-references.md","cf47aa67e130fbe9c5f5af10f56a8d970796b7342c3faaeab1050aa85dc4fc46"
"md","step-04-report","wds","wds/workflows/5-agentic-development/steps-t/step-04-report.md","bcea3bade0f725a7e1a9fbed13bde931ab524f0c78bb00a66f8d69897bb49479"
"md","step-04-suggest-scenarios","wds","wds/workflows/3-scenarios/steps-c/step-04-suggest-scenarios.md","75e21111d34e9fa415d33d348d26f7e1c9117287ef372eddf057d421dd5372c8"
"md","step-04-verify","wds","wds/workflows/5-agentic-development/steps-d/step-04-verify.md","10e3ff9a2e88c714b33abf483b4ef2b320af9e608aec52cdc4389ee498ea59bb"
"md","step-04-verify","wds","wds/workflows/5-agentic-development/steps-f/step-04-verify.md","980eb34642307013fa7fc58e8ebc5e065b8923785b67460dbfdfbd214b2afa01"
"md","step-04a-offer-signoff","wds","wds/workflows/0-alignment-signoff/steps-c/step-04a-offer-signoff.md","d62ed535de99c09b344e9d7fb939dd09fd11119f0a69d0286018081364c626d8"
"md","step-04b-determine-business-model","wds","wds/workflows/0-alignment-signoff/steps-c/step-04b-determine-business-model.md","fc0f71fca924323f09027c958b790691ead1c0857053874b91babd6c9fcda8e3"
"md","step-05-business-model","wds","wds/workflows/1-project-brief/steps-c/step-05-business-model.md","30cbf22df63db54e7789a38dc85dbb81732c46e77044e17f5af212128d086445"
"md","step-05-cross-document-coherence","wds","wds/workflows/2-trigger-mapping/steps-v/step-05-cross-document-coherence.md","7b1211bcc609de6059a7e5f06ff32f499ecba2e31d70a3d57c131248bc07140e"
"md","step-05-document","wds","wds/workflows/5-agentic-development/steps-f/step-05-document.md","4e41bd1baac0cb703dee3658b0342bd79b7d7ab4fcc937201eb872370704fbc3"
"md","step-05-execute-export","wds","wds/workflows/6-asset-generation/steps-f/step-05-execute-export.md","f160a53a6fa0be6de0951d00478f35c4db3eaf73e2320e814447ff65b90546fd"
"md","step-05-finalize","wds","wds/workflows/5-agentic-development/steps-d/step-05-finalize.md","3f5cebcf269b28d919285560fbe1489bee4eeb4a11be274563b71e76892110fb"
"md","step-05-generate","wds","wds/workflows/6-asset-generation/steps-m/step-05-generate.md","9245b492bd781a1074e14c0f2d4b061a955a36e995771e8b8d57b749420a16ea"
"md","step-05-hand-off","wds","wds/workflows/4-ux-design/steps-h/step-05-hand-off.md","bd417afc9afe88f05f1ba8421ce4b682a3fa3373ca1f98b2794412561499d349"
"md","step-05-identify-risks","wds","wds/workflows/7-design-system/steps-c/step-05-identify-risks.md","62c10fcf19822d1685006925e03d1b4eb0029220ed32ecfdffd6d27ec8a0f256"
"md","step-05-interactions","wds","wds/workflows/4-ux-design/steps-p/step-05-interactions.md","461e6b2936833e94c7d153293efbfb1f28d986d36b1c842b5a0850a15837655e"
"md","step-05-iterate","wds","wds/workflows/5-agentic-development/steps-t/step-05-iterate.md","50b08ed439f0505112adaaf6211c7d2d8f108d1d6977e5cd3568b45e3c429f92"
"md","step-05-outline-scenario","wds","wds/workflows/3-scenarios/steps-c/step-05-outline-scenario.md","557f1caf8ede41402782d2fb05c066fafdd2b76cc70dd955f77107001d46726f"
"md","step-05-prioritization","wds","wds/workflows/2-trigger-mapping/steps-c/step-05-prioritization.md","f9373fa5fa964dae42df37006a25c450e6fba845f34540aabcdc4db05b2c65e8"
"md","step-05-review","wds","wds/workflows/6-asset-generation/steps-i/step-05-review.md","3553d28a89546e6ca509659813783d978a204709996d17464e316bad93e237ac"
"md","step-05-review","wds","wds/workflows/6-asset-generation/steps-p/step-05-review.md","7bf3e1b9a4f81d87c68b5656c5bd9aba9ee5f033c3595f18ad61792c1c4710a1"
"md","step-05-review","wds","wds/workflows/6-asset-generation/steps-u/step-05-review.md","bdc4a98effb86874b47e3680b76ddfa30c302026e5df6d7bd8f93ba2a87b0b74"
"md","step-05-review","wds","wds/workflows/6-asset-generation/steps-v/step-05-review.md","e14a844c903979f66c1c6492b17c8178ccdea6b3c18e7659ba0d626da70c5720"
"md","step-05-review","wds","wds/workflows/6-asset-generation/steps-w/step-05-review.md","c49d03a9387054de66862e238aadf660ce76e447938db3ed3c31f41b7e773314"
"md","step-05-section-order","wds","wds/workflows/4-ux-design/steps-v/step-05-section-order.md","e936508913cddd3d66d1e734066d1538d440cd25f935532e92c8dc70931928ee"
"md","step-05-seo-keyword-alignment","wds","wds/workflows/3-scenarios/steps-v/step-05-seo-keyword-alignment.md","19196d31f1cb8e6c390bdf04e71b5757d343b568e70b0def90dbc9d3896826c3"
"md","step-05-shortest-path","wds","wds/workflows/4-ux-design/steps-s/step-05-shortest-path.md","4dd8bbdec37d777b33eeb427903844be2c7afc4427ac9c142670e80ccff0de21"
"md","step-05-structural-order","wds","wds/workflows/6-asset-generation/steps-c/step-05-structural-order.md","b98eee2b07184071a489cb6f8ab51db27d71a3511c933375fbd41ed2fa0e4839"
"md","step-05-verify-and-document","wds","wds/workflows/5-agentic-development/steps-e/step-05-verify-and-document.md","b912090ca2277a0e9a5b6f2b64559a46d67c2b56b7293eb1d54a9b97699b2bc3"
"md","step-05-visual-direction","wds","wds/workflows/1-project-brief/steps-v/step-05-visual-direction.md","23d70e5e57f7e1b27bde3d954b7a82f529facbf3eeba11f29044a0740f010232"
"md","step-05a-contract-overview","wds","wds/workflows/0-alignment-signoff/steps-c/step-05a-contract-overview.md","71e0657c5688804a4088379e60d6a8a3b9f9b9ccda6b43ca6abb1d2c79ecc19c"
"md","step-05b-contract-business-model","wds","wds/workflows/0-alignment-signoff/steps-c/step-05b-contract-business-model.md","a43d565508eca88f6fc9ec366b0858c4711b9519b1bbc4ad9e9411004255bf14"
"md","step-05c-contract-scope","wds","wds/workflows/0-alignment-signoff/steps-c/step-05c-contract-scope.md","1d60701af9288a6cc3b9202becc1ed9d6e4f501c75f621928606ff0c20395cf4"
"md","step-05d-contract-payment","wds","wds/workflows/0-alignment-signoff/steps-c/step-05d-contract-payment.md","9ae3f5c45f62408aa2ba66076a0e8518ac2810695a72a72d2463136d38c090cc"
"md","step-05e-contract-timeline","wds","wds/workflows/0-alignment-signoff/steps-c/step-05e-contract-timeline.md","c5e6cfa81d77c61ff54de897ad86c0970e9cf5e7228b2599d11dec596a68c4ad"
"md","step-05f-contract-availability","wds","wds/workflows/0-alignment-signoff/steps-c/step-05f-contract-availability.md","7867cce03829374b3a28858c9d7ddb79990bc6c8c3e8561b5aa249d45741a92c"
"md","step-05g-contract-confidentiality","wds","wds/workflows/0-alignment-signoff/steps-c/step-05g-contract-confidentiality.md","6517428388e4a8debaad2be9f430382b892a57ff56f554d4cb8a42318cc439b4"
"md","step-05h-contract-not-to-exceed","wds","wds/workflows/0-alignment-signoff/steps-c/step-05h-contract-not-to-exceed.md","fd3ebfc01288edfa9c82abd58fa0e0b3ea94803116f1358ae6a391a2ad3282e5"
"md","step-05i-contract-work-initiation","wds","wds/workflows/0-alignment-signoff/steps-c/step-05i-contract-work-initiation.md","678c18b7f34dc2c2f381ea3d782455485b815ab5b10781826bdc62f7f78c3033"
"md","step-05j-contract-terms","wds","wds/workflows/0-alignment-signoff/steps-c/step-05j-contract-terms.md","e587befed2a55c4363a195c1c21ccc650cfd96e9e59a0f8c39ad2e92c9a40630"
"md","step-05k-contract-approval","wds","wds/workflows/0-alignment-signoff/steps-c/step-05k-contract-approval.md","414e2baf5dc3fdce18d82b8e3da1c0aafd97d72762b597a6bad05f1ed467fda1"
"md","step-05l-finalize-contract","wds","wds/workflows/0-alignment-signoff/steps-c/step-05l-finalize-contract.md","f89838b8ef3658ba1112f65120c842ad3da779d12a3d61f322880c66849fc9fd"
"md","step-06-business-customers","wds","wds/workflows/1-project-brief/steps-c/step-06-business-customers.md","2512638ba3db9fa71b869290aaa4a0a2a9c86805bda26d8d040ecb62d79a856c"
"md","step-06-continue","wds","wds/workflows/4-ux-design/steps-h/step-06-continue.md","c040d64f43b207e4286d3853a6cf794fd0399a20ac7508569d2c6a39a899cc79"
"md","step-06-generate-content","wds","wds/workflows/6-asset-generation/steps-c/step-06-generate-content.md","f75eba73fed281eeb4beb6e15da5f981b6cbbbd1c8fc11626f34b68cdef52538"
"md","step-06-generate-overview","wds","wds/workflows/3-scenarios/steps-c/step-06-generate-overview.md","2520ff9406c34efebfffb21cb700a7f2ee9650fb6bdb7fb2b49c0537df48f85a"
"md","step-06-object-registry","wds","wds/workflows/4-ux-design/steps-v/step-06-object-registry.md","6f0484594171d69a2acbd655385118694540cdf679f03ffe271204c2c17ca37d"
"md","step-06-platform-requirements","wds","wds/workflows/1-project-brief/steps-v/step-06-platform-requirements.md","b036c12edbaa8674f23cb10b2bc9f98e976b10f3c7981f789ca533e64b5cafb8"
"md","step-06-present-decision","wds","wds/workflows/7-design-system/steps-c/step-06-present-decision.md","0193c75ea40093dfe4ec9cfa3b9306775b1673a5eb6a08867a6bd847eac6a530"
"md","step-06-review","wds","wds/workflows/6-asset-generation/steps-m/step-06-review.md","fcdc2559ea16cd330756b843161c5c504737bbae79dfa4292ddf55df3b91de3a"
"md","step-06-scenario-name","wds","wds/workflows/4-ux-design/steps-s/step-06-scenario-name.md","e5c5bd3e875c2864f2e31366bbdfe12793c7c2c2c765473e4dd4ff9d54e5f1f9"
"md","step-06-states","wds","wds/workflows/4-ux-design/steps-p/step-06-states.md","5978d21ddfb06ba29608b55fc5d545956fdc1733d3fea7ea7f104d0cf5148fe2"
"md","step-06a-build-internal-signoff","wds","wds/workflows/0-alignment-signoff/steps-c/step-06a-build-internal-signoff.md","2bf94a739fbd452a764afe1d02a00bdf12d67d925961f3fc026ce0ea3d227d6f"
"md","step-06a-extract-features","wds","wds/workflows/2-trigger-mapping/steps-c/step-06a-extract-features.md","095362d996adca6c215726f0d58e81d70da2eb6503519b5cc52c7c61664b7351"
"md","step-06b-confirm-assessment","wds","wds/workflows/2-trigger-mapping/steps-c/step-06b-confirm-assessment.md","e6f4a204053418925ef79fc14d583713774843aad721a398da40dc90ee907562"
"md","step-06b-finalize-signoff","wds","wds/workflows/0-alignment-signoff/steps-c/step-06b-finalize-signoff.md","8f01a112ad0dc2063cd26e3159959b228f5d6626476679ab7c78abe25b2cd087"
"md","step-06c-make-assessment","wds","wds/workflows/2-trigger-mapping/steps-c/step-06c-make-assessment.md","87466dfa354e54e30718c0b3ce58ff6de3b1b614749d183a103a51cca7b34dd8"
"md","step-06d-generate-document","wds","wds/workflows/2-trigger-mapping/steps-c/step-06d-generate-document.md","899e94c6bccee43d4c301faa71046e77af6400e6a1483b4774a9210f8524e9a5"
"md","step-06e-feature-wrap-up","wds","wds/workflows/2-trigger-mapping/steps-c/step-06e-feature-wrap-up.md","19e0f4ee1f34f437dcc932566a88713cdd12cfbcf0ceb3fdb811e091321068d0"
"md","step-07-create-scenario-folder","wds","wds/workflows/4-ux-design/steps-s/step-07-create-scenario-folder.md","571c7779dfcd0827e67db6ce69b4970aa6aaf11043e13cce926a62486e867a6f"
"md","step-07-design-system-separation","wds","wds/workflows/4-ux-design/steps-v/step-07-design-system-separation.md","52e9381ef95ba6f984514c9b805421028c6c831026ca6f4c5b5cd3d40943cfd7"
"md","step-07-execute-decision","wds","wds/workflows/7-design-system/steps-c/step-07-execute-decision.md","ac2b557af2cbeeb23bf5c70dee85f9bf80cfe9e2cb9153aca5a4eb7472248573"
"md","step-07-quality-review","wds","wds/workflows/3-scenarios/steps-c/step-07-quality-review.md","d15be9d79973d133225a7f2fdc68074862eebdcc1392960395d0b48bdc286dc6"
"md","step-07-target-users","wds","wds/workflows/1-project-brief/steps-c/step-07-target-users.md","388528a31fb32e6d75482386053815d4b6031784de4300ffbbe386b5f08dc929"
"md","step-07-validation","wds","wds/workflows/4-ux-design/steps-p/step-07-validation.md","729e7b837ec68b06b5ee03255bdd729613b6757f6cf7e5c49694b1adcb97eec0"
"md","step-07a-generate-hub","wds","wds/workflows/2-trigger-mapping/steps-c/step-07a-generate-hub.md","dae82ab29809c21443041d2c73b4445de8a2c5b484fd22dce63266d80c770da9"
"md","step-07a-product-concept","wds","wds/workflows/1-project-brief/steps-c/step-07a-product-concept.md","57674d9558205757fd24fe27c9d010858b6c257c359b8e1be195ab35ccfca814"
"md","step-07b-generate-business-goals","wds","wds/workflows/2-trigger-mapping/steps-c/step-07b-generate-business-goals.md","e28d0e302a183646f2eee465bbe50e7a2bf9921277a9d1a834fe549aa18f5d58"
"md","step-07c-generate-primary-persona","wds","wds/workflows/2-trigger-mapping/steps-c/step-07c-generate-primary-persona.md","37b934acfdf7af4125f19ea3d2ce9cae549caff0b7c1fb29a6c036b412cf13ad"
"md","step-07d-generate-secondary-persona","wds","wds/workflows/2-trigger-mapping/steps-c/step-07d-generate-secondary-persona.md","5a5305e09de22fa136f310d5008405672b564d1e602faf28709a4f2e1d258ee8"
"md","step-07e-generate-tertiary-persona","wds","wds/workflows/2-trigger-mapping/steps-c/step-07e-generate-tertiary-persona.md","819d5f8c4672692f8ef755d5542b69058c3c438e8a740cb3cf874d334129d08c"
"md","step-07f-generate-key-insights","wds","wds/workflows/2-trigger-mapping/steps-c/step-07f-generate-key-insights.md","b8ceda09fe8f1c2460a0dc5b6a28b6d67018e869b359bbbff9cb2d8f322bbab4"
"md","step-07g-quality-check","wds","wds/workflows/2-trigger-mapping/steps-c/step-07g-quality-check.md","5470b9f19624f098901c558f565b7aa9b0ab1a668b2949316bc61234aa54550a"
"md","step-08-page-context","wds","wds/workflows/4-ux-design/steps-s/step-08-page-context.md","2e0aa6ea435e7ec1fab7448c968d3fbbd05b887b98ee97445027819d15658711"
"md","step-08-seo-compliance","wds","wds/workflows/4-ux-design/steps-v/step-08-seo-compliance.md","701262c71e2998b0ef3548dbabc57506d6fab9edb981100f2c55946aa9e75ab4"
"md","step-08-spacing-typography","wds","wds/workflows/4-ux-design/steps-p/step-08-spacing-typography.md","538ed208cbf1e99e0b44eec684edacdf8683250676243c37baf51e2d5b54f02a"
"md","step-08-success-criteria","wds","wds/workflows/1-project-brief/steps-c/step-08-success-criteria.md","1bffdcefd8f0af0b1e73589465a65d50c6851044619301f26cf66f971eb4b8d4"
"md","step-08-update-design-log","wds","wds/workflows/3-scenarios/steps-c/step-08-update-design-log.md","787ce3d52812bddfe5cc985c2f4601667160cf4b55f1974871a95201753a5e80"
"md","step-08a-initialize-design-system","wds","wds/workflows/7-design-system/steps-c/step-08a-initialize-design-system.md","176cd33f5b97d16bdfd96ee91584ba9df2ad8e29c678e064130252346aa44ff2"
"md","step-08a-mermaid-init-structure","wds","wds/workflows/2-trigger-mapping/steps-c/step-08a-mermaid-init-structure.md","79da81b7296c439ba1d3daa9eb3b2e305631b38c39c378c373645007fe214e2e"
"md","step-08b-create-new-component","wds","wds/workflows/7-design-system/steps-c/step-08b-create-new-component.md","9a41f7d27c1a60e1445998d5b1a154fbb98cee41fd0e99364ba8e2fab3f3a416"
"md","step-08b-mermaid-business-goals","wds","wds/workflows/2-trigger-mapping/steps-c/step-08b-mermaid-business-goals.md","d93c636ead26da07ee5b4de8e281e95b8ed90e78d23e7d8eca75e425ec5d2d8d"
"md","step-08c-mermaid-platform","wds","wds/workflows/2-trigger-mapping/steps-c/step-08c-mermaid-platform.md","a5f981ddafcc4d592c78f087e8e2054d672e2fcfcde2d3308ab736cb5629c765"
"md","step-08c-update-component","wds","wds/workflows/7-design-system/steps-c/step-08c-update-component.md","762e3ac7b05abe1a76cff424eeec3863d0012331f4bd753c951b9cde1c555443"
"md","step-08d-add-variant","wds","wds/workflows/7-design-system/steps-c/step-08d-add-variant.md","92ad07bdcaea1092e4f050113814f2b3ee5a70564f0da41b47ff5444bccd8f7a"
"md","step-08d-mermaid-target-groups","wds","wds/workflows/2-trigger-mapping/steps-c/step-08d-mermaid-target-groups.md","26ad97d1e4e50b4fb1da6594ab9a7850357b29adf60bfc07fc9f31a4ef1c51ef"
"md","step-08e-generate-catalog","wds","wds/workflows/7-design-system/steps-c/step-08e-generate-catalog.md","51cdc4338ee1538811cc52653b00874703093c0c8b61d165dca683fff34a1b73"
"md","step-08e-mermaid-driving-forces","wds","wds/workflows/2-trigger-mapping/steps-c/step-08e-mermaid-driving-forces.md","3e0d9e46ac8a861a16f9b22f0396195e4c21b4aafdc99e6be2a6b3e2d4506d66"
"md","step-08f-mermaid-connections","wds","wds/workflows/2-trigger-mapping/steps-c/step-08f-mermaid-connections.md","db7e7df7bc536044c494d2c5335d80465e7a3a3b7da9abb942b4d31fce79be9d"
"md","step-08g-mermaid-styling","wds","wds/workflows/2-trigger-mapping/steps-c/step-08g-mermaid-styling.md","e1326f52cc101e3a24498e9820c33123b1aeb658b0299d850bef10074ecbc752"
"md","step-08h-mermaid-quality","wds","wds/workflows/2-trigger-mapping/steps-c/step-08h-mermaid-quality.md","ae1a8cfb663d6331dbac80335a09659d374d83cbbb94ed31f552c379dfe81688"
"md","step-09-competitive-landscape","wds","wds/workflows/1-project-brief/steps-c/step-09-competitive-landscape.md","46061018bf8a6a555f3c7ddf33ebaa5753b49b48d58892adb2987d93b937eb12"
"md","step-09-design-system-consistency","wds","wds/workflows/4-ux-design/steps-v/step-09-design-system-consistency.md","4ab7e741f42f11151c53c2543875e83b8272570216c8bde3c0729ddba7c3231a"
"md","step-09-generate-spec","wds","wds/workflows/4-ux-design/steps-p/step-09-generate-spec.md","c3a67e85249891997b9635879e80f88406a9793e9e11611949b1dc63b74a69f4"
"md","step-09-handover","wds","wds/workflows/3-scenarios/steps-c/step-09-handover.md","79d7e89cc7660d39c9b4d1c2c26b4a4485fc4ba774d6189ad9ca609ecb93c8a5"
"md","step-09-page-name","wds","wds/workflows/4-ux-design/steps-s/step-09-page-name.md","59d0c0d03044a454d5837d9298094fdd6aca96c5a2674747c8c81f1f7df056a5"
"md","step-09a-finalize-hub","wds","wds/workflows/2-trigger-mapping/steps-c/step-09a-finalize-hub.md","6af1b59fe4e3665c1aef7c1e910231165047a3a7dcd26fe3aa97756c6a91bdd5"
"md","step-09b-add-cross-references","wds","wds/workflows/2-trigger-mapping/steps-c/step-09b-add-cross-references.md","01ed60bbf4642581e7bb541a8d5dd3e1edfb7cf76642cc979617d44fb560c8a3"
"md","step-09c-quality-check","wds","wds/workflows/2-trigger-mapping/steps-c/step-09c-quality-check.md","e25244a766a09fd846fb2cd538e0a62d3376e943c801c3dc39b0cfd95afd6a63"
"md","step-09d-create-handover-package","wds","wds/workflows/2-trigger-mapping/steps-c/step-09d-create-handover-package.md","29ac3c2ebdd371915c362127c9dcc8bb9de8298f277f85f7c14dddc5333d4dee"
"md","step-09e-update-design-log","wds","wds/workflows/2-trigger-mapping/steps-c/step-09e-update-design-log.md","92df9226aa62a85b1a72319b8202c6b9eab84641f9f5007e9625d59b58c030c0"
"md","step-09f-provide-activation","wds","wds/workflows/2-trigger-mapping/steps-c/step-09f-provide-activation.md","495692e2ccb110847ec059ae771c75714e9f06a387cb294c5eb52a31cf5da3ec"
"md","step-10-constraints","wds","wds/workflows/1-project-brief/steps-c/step-10-constraints.md","a71e3966bed34bfb2c22177343f50121592b036d0190f8cbb4d5a951b8d7c1ea"
"md","step-10-final-validation","wds","wds/workflows/4-ux-design/steps-v/step-10-final-validation.md","eb79471c429a88466675e6b2f0a4f04763f1c4bfaaf256006f632651110691bc"
"md","step-10-page-purpose","wds","wds/workflows/4-ux-design/steps-s/step-10-page-purpose.md","a1efac12141c5a33039f2688c64f442130fff15e7486704dc987bde4b76de338"
"md","step-10a-platform-strategy","wds","wds/workflows/1-project-brief/steps-c/step-10a-platform-strategy.md","414fa734c9efac334c4ad073c1b166caf42dc53b2ebb3a0369221c337764c6f0"
"md","step-11-entry-point","wds","wds/workflows/4-ux-design/steps-s/step-11-entry-point.md","3193b71a31a644a19ef9aec729a27428196cc61c52a00a1f97e1817c15a6fcad"
"md","step-11-tone-of-voice","wds","wds/workflows/1-project-brief/steps-c/step-11-tone-of-voice.md","d21c19c2663c3bc6fb2a04b845b2dbece3cca952a8d0b05e17b452358ceddc25"
"md","step-12-create-product-brief","wds","wds/workflows/1-project-brief/steps-c/step-12-create-product-brief.md","4943d0d6239d00536d45a3d899689378cbd3466033dbb5813143f30d013fc520"
"md","step-12-mental-state","wds","wds/workflows/4-ux-design/steps-s/step-12-mental-state.md","8ead2ffb7f72d3a380c796782a426e4606f0bc271709d126bb74ad3bc7a8a022"
"md","step-13-content-init","wds","wds/workflows/1-project-brief/steps-c/step-13-content-init.md","cd9ec401dee6ff18f2f9a2a604c34b43d4f500296f4d00922f74b0769f963b03"
"md","step-13-desired-outcome","wds","wds/workflows/4-ux-design/steps-s/step-13-desired-outcome.md","46ea2e121bd12fb02f693427e2a7356c61dca4535b400818d21c236a151ebdbc"
"md","step-14-personality","wds","wds/workflows/1-project-brief/steps-c/step-14-personality.md","30078925c7b99d0faeddcf7238f490f2e8f368ff600134d5586dba08e39a4536"
"md","step-14-variants","wds","wds/workflows/4-ux-design/steps-s/step-14-variants.md","768e60fbcd380473a77a97e2bc0aed8926476766edb8cadacd1a0159f3613b4b"
"md","step-15-create-page-structure","wds","wds/workflows/4-ux-design/steps-s/step-15-create-page-structure.md","74af9abdf88cf35d3b31415b173f818b26ad212aa8cee3912d70a5b7c234b1b3"
"md","step-15-tone","wds","wds/workflows/1-project-brief/steps-c/step-15-tone.md","551bb83843df27f9e81e55025a37c63bdc1de34fb5f49a9081e8ed5919f1b662"
"md","step-16-languages","wds","wds/workflows/1-project-brief/steps-c/step-16-languages.md","76ed504550abda51db4b0f06cd469d62e472cc218a19d7eac00de15fa137560b"
"md","step-17-seo-keywords","wds","wds/workflows/1-project-brief/steps-c/step-17-seo-keywords.md","831082ef6e793790791f3cfa06f0212e5c8bce7ddfd8886c7c1b99f955ef3153"
"md","step-17a-content-structure","wds","wds/workflows/1-project-brief/steps-c/step-17a-content-structure.md","2e709b116a6f9d03f1f1171a15ae610d820daad7f6dc12d573e6b738d7ed83f1"
"md","step-18-create-content-document","wds","wds/workflows/1-project-brief/steps-c/step-18-create-content-document.md","f57165f8042282be1ab64707420e6f94cc131b9a35789053537a12bb3d569497"
"md","step-19-inspiration-workshop","wds","wds/workflows/1-project-brief/steps-c/step-19-inspiration-workshop.md","5c7ae3a36c4f4829697a2735c668bf96272113843589ee39bacaed8c67f8cb21"
"md","step-20-visual-init","wds","wds/workflows/1-project-brief/steps-c/step-20-visual-init.md","b0467a2955aca4efcd67a39afdee162eb5c767f57aa6d9e99b014a42d7a038a4"
"md","step-21-existing-brand","wds","wds/workflows/1-project-brief/steps-c/step-21-existing-brand.md","e6602307da8216bef886af1703cbc7b1382c32633d204b0c491766c6dee4ae3c"
"md","step-22-references","wds","wds/workflows/1-project-brief/steps-c/step-22-references.md","244e527eb0892814d5a96db4d4e5d60e3039f8a95369b66a47ca8892c39a2654"
"md","step-23-design-style","wds","wds/workflows/1-project-brief/steps-c/step-23-design-style.md","2cca9f465b470be314bb17ec882b9ac50dd2a2a4f6818ba5a4dcffeca7069b20"
"md","step-24-layout-effects","wds","wds/workflows/1-project-brief/steps-c/step-24-layout-effects.md","02f08384d9817168b93d1541623e01d76cb838e502489ee907e0df132e594832"
"md","step-25-imagery","wds","wds/workflows/1-project-brief/steps-c/step-25-imagery.md","ec654197a117afcfc94b3d58d14f661b630fcffe14cc75cb6fd0515561537c1e"
"md","step-26-create-visual-document","wds","wds/workflows/1-project-brief/steps-c/step-26-create-visual-document.md","47b0cfe7b40e481534dd70f991aae7bb954edf04d9cae6fdf33f5d0e4d6317c0"
"md","step-27-platform-init","wds","wds/workflows/1-project-brief/steps-c/step-27-platform-init.md","596bb3dfedd0a5165c09f40afee9a0c201d02513ab3b481d1308a8fbf83118f9"
"md","step-28-tech-stack","wds","wds/workflows/1-project-brief/steps-c/step-28-tech-stack.md","f9ede60c358781dc7ff4db670b9492211ad37c48485bb16b0bd0717bac6c4cae"
"md","step-29-integrations","wds","wds/workflows/1-project-brief/steps-c/step-29-integrations.md","a4e397475564ac4a3a7e4c9b70044d981760bf35d20811d76db41562b15c5275"
"md","step-30-contact-strategy","wds","wds/workflows/1-project-brief/steps-c/step-30-contact-strategy.md","353f485470a3a62c05ca71898a64dbc3611cc266b178c77bc1859bf8929d38cb"
"md","step-31-multilingual","wds","wds/workflows/1-project-brief/steps-c/step-31-multilingual.md","d156fdcb53891e93df116d54fe3faf8649e22e30ed06ffd2b56d45ff4057fec7"
"md","step-32-create-platform-document","wds","wds/workflows/1-project-brief/steps-c/step-32-create-platform-document.md","28098890cc94fe697c28b72fd82903cc94efc3614994fd68e0d33020d11f7c87"
"md","step-33-analyze-brief","wds","wds/workflows/1-project-brief/steps-c/step-33-analyze-brief.md","26dabb812902618bebf3e81a8a3341d8b5e475fbab2c7b2e1a1f8b4463363979"
"md","step-34-create-summary","wds","wds/workflows/1-project-brief/steps-c/step-34-create-summary.md","f63c2f6039fa6110c7b4da860e8c0cafd90ac7d6d17491a75997e34ad3c974b6"
"md","step-35-update-design-log","wds","wds/workflows/1-project-brief/steps-c/step-35-update-design-log.md","de02b94dac8cd250795d703479fc931081b325f3a74b076384654f68eec9fdd7"
"md","step-36-provide-activation","wds","wds/workflows/1-project-brief/steps-c/step-36-provide-activation.md","50cef4d46e6d2ccbe13ced7d79b67d79a5a77e7e12e09d430530bbbe112c314d"
"md","stitch-prompt.template","wds","wds/workflows/6-asset-generation/templates/stitch-prompt.template.md","9bace9310fad7560b89e7ae65f707a86189e871896d48189c872c22232a5cf3d"
"md","story-file-template","wds","wds/workflows/5-agentic-development/templates/story-file-template.md","f8af85ba4d8e037cf6657f73ff6455f900ecbb6d961f96a33edde147c7dba161"
"md","STORYBOARD-INTEGRATION","wds","wds/workflows/4-ux-design/data/modular-architecture/STORYBOARD-INTEGRATION.md","0f56c690cca5b23c6c8c2175f7e4df1f8d4ac605583bc469ce0f4dceb1864ca6"
"md","storyboard-specification.template","wds","wds/workflows/4-ux-design/templates/storyboard-specification.template.md","c02afbd1f0de9ad949bdcab52497e9b4577aa6298af0803fd6f6d92a013dee96"
"md","storyboards-guide","wds","wds/workflows/4-ux-design/data/modular-architecture/02-workflows/storyboards-guide.md","1a3dd651f44b99e4814549bf49aecc9ac1ffe68fb462054045d0642ed1d874d7"
"md","strategic-design","wds","wds/data/agent-guides/freya/strategic-design.md","8b4b894900c9faafa3c59caff3b3d7660a8b9f2c1d20f3a9488ab9acddfde1e9"
"md","strategic-documentation","wds","wds/data/agent-guides/saga/strategic-documentation.md","3aefc8977d9dbf8fd51c1cc907455f5dd136d5d82feae2831c0ea95fe2503ad3"
"md","substeps-guide","wds","wds/workflows/4-ux-design/data/substeps-guide.md","6c3c1f5177209d6c49e43ff0647140caf1343367b4ecfba2d21d7e84fa679aa3"
"md","test-result-templates","wds","wds/workflows/5-agentic-development/data/test-result-templates.md","0c91cf13b2f51407c321e92cedfa2cdc91be83922d73c43317ac25147fd9493d"
"md","testing-guide","wds","wds/workflows/5-agentic-development/data/testing-guide.md","e7bd9545d8f0a0403560f0a461e3e7c04c9f0137382549e49f1ba22399a85610"
"md","TEXT-DETECTION-PRIORITY","wds","wds/workflows/4-ux-design/data/object-types/TEXT-DETECTION-PRIORITY.md","7636283a05d1e989feabd852b7f08ed0b9b691112c223c0250e312bf550003fd"
"md","text-input","wds","wds/workflows/4-ux-design/data/object-types/templates/text-input.md","14aadbd8bf50ae269efeb00ccaaf005d17cb3f9c2d712e995f7e531e6ad1c9ec"
"md","three-tier-overview","wds","wds/workflows/4-ux-design/data/modular-architecture/01-core-concepts/three-tier-overview.md","1e651f59f181608a4f5dc05ed75bba66a339b2cd5cdbfcc3cdd47d8010a18aa3"
"md","token-architecture","wds","wds/data/design-system/token-architecture.md","b9a25beb5b258e7eef7726ca51f9eb3b1e0771bbd67826eec0bbd24f2c77f15f"
"md","tone-of-voice-example","wds","wds/workflows/1-project-brief/data/tone-of-voice-example.md","93db79c791f3c7ce2d472a0f377d8f39c14ded5fe7ac17c4ae578161a8ebf7e7"
"md","tone-of-voice-output-template","wds","wds/workflows/1-project-brief/data/tone-of-voice-output-template.md","6bb608fb04d520d3e81170af198822307959373eff92cbe16646ef423cdbea41"
"md","tools-reference","wds","wds/workflows/6-asset-generation/data/tools-reference.md","16494340a72595888cdca8bd049b65fb46dbb7546cbc817466e67ae90362415f"
"md","TRANSLATION-ORGANIZATION-GUIDE","wds","wds/workflows/4-ux-design/data/guides/TRANSLATION-ORGANIZATION-GUIDE.md","42455557055a41fd5a74641cad133b540a0e77382a50d7d39ff7219466d593bb"
"md","trigger-map.template","wds","wds/workflows/2-trigger-mapping/templates/trigger-map.template.md","e1e0423713f5ba9e801fa8ba82c257b262d2a4f3c298751fdca097edf677221d"
"md","trigger-mapping","wds","wds/data/agent-guides/saga/trigger-mapping.md","08300627d7d3e9d8fad1750fc4e2eedd265fb85e64bb4f6280ca5c9dd800dd6e"
"md","USAGE","wds","wds/workflows/1-project-brief/templates/project-brief-dialog/USAGE.md","30520a61524def4321f2bcf863de481a4eaa6527f8ba2dfc374ca40965a10075"
"md","validation-patterns","wds","wds/data/design-system/validation-patterns.md","69f98e70418aeb19d75cd8f7c04e72525f362de8adaa9c82b96850d05f9a83f0"
"md","validation-standards","wds","wds/workflows/3-scenarios/data/validation-standards.md","3124a6f19d7baee5966f677fc1c6ff86414a8053dbf201c59a69aa7def425faa"
"md","validation-standards","wds","wds/workflows/4-ux-design/data/validation-standards.md","ab51a06c196949570987996e93ad914fbeabad0bfeda1f909e437b196180bcf5"
"md","vision-explore","wds","wds/workflows/1-project-brief/data/vision-explore.md","e78666bb3c27825be544e5ae3de151d3ca60bd0d1891863b4fd39b3cd0f58f51"
"md","vision-open-conversation","wds","wds/workflows/1-project-brief/data/vision-open-conversation.md","ed9eb6becfc42695fdc4391fd8a103dece621105dfc92b27f2a32f99762a1109"
"md","vision-reflect-confirm","wds","wds/workflows/1-project-brief/data/vision-reflect-confirm.md","fc30991f806f7af4cbeb8213f4dce84861b3c05f2c60954b5b6787254a42af53"
"md","vision-synthesize","wds","wds/workflows/1-project-brief/data/vision-synthesize.md","32f72d5f71c89ab39f36b37662fe43d9880401042010ec6ba0fa21d4ef3c9b3f"
"md","visual-direction.template","wds","wds/workflows/1-project-brief/templates/visual-direction.template.md","4d4de5a305985411bf0e2676da683480fdc7fd297b42f32d15d26755e29df4fc"
"md","watercolor","wds","wds/workflows/6-asset-generation/data/styles/content-styles/watercolor.md","91f935adef2348844453767fb3cee29b09d92e6c1dbcce7e8c02e14919ef19d3"
"md","WDS-SPECIFICATION-PATTERN","wds","wds/workflows/4-ux-design/data/guides/WDS-SPECIFICATION-PATTERN.md","aa9e2aaadbbc95ed8320ebec8cd39622f6d33309eba99b5cf37261853ba5c15e"
"md","when-to-extract-decision-guide","wds","wds/workflows/6-asset-generation/data/when-to-extract-decision-guide.md","c7fd73399aa8806155f69489dc5325053298e4a7a034e5bf728dbaa06b7050ce"
"md","workflow","wds","wds/workflows/0-alignment-signoff/workflow.md","964df2497b8824e69edfe5a44a66a5237df9c0c4ab2145c3b2286502efc8334a"
"md","workflow","wds","wds/workflows/0-project-setup/workflow.md","9b4d48eeb33d5e94352b26245afcec179ab58f4d451250dd48d35bdac20b9354"
"md","workflow","wds","wds/workflows/1-project-brief/workflow.md","e348c268da880e8505a5476312a565c6e26df2fd92b45ce73104b055325246f9"
"md","workflow","wds","wds/workflows/2-trigger-mapping/workflow.md","274a720027c7baf7eceef5b3a6e6ae3734e60518f07d0934b337c389e4e4b2b0"
"md","workflow","wds","wds/workflows/3-scenarios/workflow.md","f3de33b504c8faf1f3d56e094df69919950220b5f760536f74b266d5df98d861"
"md","workflow","wds","wds/workflows/4-ux-design/data/modular-architecture/workflow.md","910b5e6037bff0fd5988aa872655ffe236db0e414ec3e839ea0f057d8918c0df"
"md","workflow","wds","wds/workflows/4-ux-design/data/object-types/workflow.md","9d65d5407a242b24c84c19ce6799f810b703bea5ce57d03184d24afcc4d7ce87"
"md","workflow","wds","wds/workflows/4-ux-design/workflow.md","0ebc6a075619c75e1bce3077f8c45989a94bd7cc0bbe8e736a32bb5428ff5c96"
"md","workflow","wds","wds/workflows/5-agentic-development/workflow.md","d419b20f9b28333a4e1ad87ea9967ec00bdd93e50b905d81fe2354a011cb0bca"
"md","workflow","wds","wds/workflows/6-asset-generation/workflow.md","e9dcfc21296a50cecca2565cdc6129239d4d253930de2c6a33459b8ae40fe280"
"md","workflow","wds","wds/workflows/7-design-system/workflow.md","15182ac280427e91c6cd8ba324efd08c336d442b1b14cbfee483d763f2627b3d"
"md","workflow","wds","wds/workflows/8-product-evolution/workflow.md","e8b899811a65b47fa1b3e1f5de8d4197d158e8c69df019370cc8bc385571cee8"
"md","workflow-acceptance-testing","wds","wds/workflows/5-agentic-development/workflow-acceptance-testing.md","97d82cd31f09737bbee2ff9247a38a1cfeb6d6d58bfd8e0c1c84b13b95fe16d4"
"md","workflow-analysis","wds","wds/workflows/5-agentic-development/workflow-analysis.md","5f5fb125074a17f80703d226f2f5b10e72dba297dd01c2dc8b7611784b39c08d"
"md","workflow-analyze","wds","wds/workflows/8-product-evolution/workflow-analyze.md","a8eb977aa7c34bcf865cdf11d0d3641070d6a5cd03d5bcfe188cc7ff6c0f2ef2"
"md","workflow-browse","wds","wds/workflows/7-design-system/workflow-browse.md","2a961a3f19cac758a0fbcb9bfd541af877e7b1519238a0e0454f25ed5604a927"
"md","workflow-bugfixing","wds","wds/workflows/5-agentic-development/workflow-bugfixing.md","25b540ec4703013016e23a66be1bc5da15d125022dbd801ab51b1718ea4d5ed9"
"md","workflow-conceptualize","wds","wds/workflows/4-ux-design/workflow-conceptualize.md","80c1fb568b9596d97f7fc462b232aabcc7565fa99856042723f505f829392148"
"md","workflow-content","wds","wds/workflows/6-asset-generation/workflow-content.md","5633139635fed61f720fc1f249e8ce77e3b4fa0aa5c4e9ee7195f896a4d49084"
"md","workflow-create","wds","wds/workflows/7-design-system/workflow-create.md","0ef810775d140da15dc80b3353148ffa1a196fc7bc651c58a70fa56c02d48386"
"md","workflow-deploy","wds","wds/workflows/8-product-evolution/workflow-deploy.md","72f86643f4de09e512178f7fd5167cbf20ceedbef4f83e12cda5c27f2882f03c"
"md","workflow-design","wds","wds/workflows/8-product-evolution/workflow-design.md","8f6b5975b16ad7404230c93152ab056c4fac87eb6a760c1e45e7574cae9139ce"
"md","workflow-design-system","wds","wds/workflows/4-ux-design/workflow-design-system.md","d37152cf4704bfa44bdabbb8a67aa331761ceed836677c2ec580b3da01d7db78"
"md","workflow-development","wds","wds/workflows/5-agentic-development/workflow-development.md","9883a1926ee81a917c1da81cb1d25bceb421b9b0bc9ccaa8a32cd2190ea40243"
"md","workflow-dream","wds","wds/workflows/4-ux-design/workflow-dream.md","e65084c9806698b2b7921440cd5fc88df92172d4c9170e84e3519c08ac14cf96"
"md","workflow-edit","wds","wds/workflows/7-design-system/workflow-edit.md","ac794783451d74f571bc2878c838e471f1d7abd28b98ed909bd437a950bc39f2"
"md","workflow-evolution","wds","wds/workflows/5-agentic-development/workflow-evolution.md","dbdfd7a2c3eed63c23835d7dee51817d93f5583a0e73b04abdd10647c08bba26"
"md","workflow-figma","wds","wds/workflows/6-asset-generation/workflow-figma.md","69450529f468f454436a57d9bb71c7722aff4ad10cc1938153715cc4fd61b15e"
"md","workflow-handover","wds","wds/workflows/4-ux-design/workflow-handover.md","2bafcbc89d95cba807c7bbc2040fcf46a15523ae5c63780d59b1ebfad3fa59da"
"md","workflow-icons","wds","wds/workflows/6-asset-generation/workflow-icons.md","ca75951b62232cd305cd58769d1be72cbb2b2a3812c804f2fae84f3655aa9aac"
"md","workflow-images","wds","wds/workflows/6-asset-generation/workflow-images.md","c24712dcc7ac2bd57d7c08af42b2ced51ad674af979b7b3f2f9584c7717c0daf"
"md","workflow-implement","wds","wds/workflows/8-product-evolution/workflow-implement.md","f1ba07f816b57d467b29e0c7849c80688565d58b4aeedce2c16bad45a8d7f5c8"
"md","workflow-import","wds","wds/workflows/7-design-system/workflow-import.md","d7466cd2ec2c0340e4dcdce99596ce16085fd3c766646f621c9a36b6c6edf980"
"md","workflow-page-designs","wds","wds/workflows/6-asset-generation/workflow-page-designs.md","5134f30a42d0a47cd683ee192396ce2a22565433c007e5972782be86a0c79d39"
"md","workflow-prototyping","wds","wds/workflows/5-agentic-development/workflow-prototyping.md","785e9d51acd52502071573d261856cda9a1790d644dbf742f0a030a000653db9"
"md","workflow-reverse-engineering","wds","wds/workflows/5-agentic-development/workflow-reverse-engineering.md","b4ac22aa5afd9202b06ec0f299d221162c42ff16545f26217e821705b8a83b5d"
"md","workflow-scope","wds","wds/workflows/8-product-evolution/workflow-scope.md","830661e3ed834c39f29c24b4a1b50397c1ff5a460053ecb25b768fca6e20a475"
"md","workflow-sketch","wds","wds/workflows/4-ux-design/workflow-sketch.md","1d58375e916582d0e5c168c580c39a9b6238ed8d75461071a1b5a9bb8fddc4ca"
"md","workflow-specify","wds","wds/workflows/4-ux-design/workflow-specify.md","6f39bd46a2d7bac967a83bf800ed17274d2f490c4723e40f3439e1ab9282c147"
"md","workflow-stitch","wds","wds/workflows/6-asset-generation/workflow-stitch.md","8d1c6875708ee9d728377b06dd0de00048acc0f0faeeac0578b368060e0ae97c"
"md","workflow-suggest","wds","wds/workflows/4-ux-design/workflow-suggest.md","4fb3fa0bc31fb68fda7deed3b6a562f6b387f6cfaf4fe803e1ce8e6fd5c417fd"
"md","workflow-test","wds","wds/workflows/8-product-evolution/workflow-test.md","1a8d3869dc7face05313cb9f3265ee0adf60befe3e61b25e11c001ae15d7b5f2"
"md","workflow-ui-elements","wds","wds/workflows/6-asset-generation/workflow-ui-elements.md","6280282e5e40172b87cd02b00acadc28eb4fe67a20d31a336ad8f32fe6b0b920"
"md","workflow-validate","wds","wds/workflows/1-project-brief/workflow-validate.md","efade596792daa75480a424cd55208685d0337d045a0c9066c73cff2382efc21"
"md","workflow-validate","wds","wds/workflows/2-trigger-mapping/workflow-validate.md","eaab969ec1831b017a60d0b48ae16c125fdb9f1342d2cad1dc509252fc280215"
"md","workflow-validate","wds","wds/workflows/3-scenarios/workflow-validate.md","c3309121d9a11541d3bdd8f5572cf3839bf493b101be97990ca888137ebe6983"
"md","workflow-validate","wds","wds/workflows/4-ux-design/workflow-validate.md","9a44a0bb86fa2609537dbe81c174fbd3b73cba5237dada1306d2225d02227a50"
"md","workflow-videos","wds","wds/workflows/6-asset-generation/workflow-videos.md","8a2efb15c497be5d648d919deb8706c42959aec1e3f5800dc3f6710f9144e247"
"md","workflow-view","wds","wds/workflows/7-design-system/workflow-view.md","cbb5aedce610904bddf8418e8dc2f2ff48d2bffe8380fc33aab9fef4014349cd"
"md","workflow-visual","wds","wds/workflows/4-ux-design/workflow-visual.md","358b3d3009403646d8f7259930d4bbc7ad0af1f60cfa278b5f8cafe05bb43481"
"md","workflow-wireframes","wds","wds/workflows/6-asset-generation/workflow-wireframes.md","7af3e70d734e9556f53a33039d4f549c90391b8453cbaff17d380fb6faf062cf"
"md","working-with-existing-materials","wds","wds/data/agent-guides/saga/working-with-existing-materials.md","7e539e21c8ecea8488dc869d554cfc391a4a33a777f8ffe994578bf10062286a"
"md","workshop-c-placeholder-pages","wds","wds/workflows/4-ux-design/data/page-creation-flows/workshop-c-placeholder-pages.md","4af728531656fc7e8143426b6a541a608e7cd3b769dc002b89028bdcfbf6b709"
"md","workshop-page-creation","wds","wds/workflows/4-ux-design/data/page-creation-flows/workshop-page-creation.md","a78220922edc9ce0d3ddbff5cb295131a0989f2f1fd8f4d4089ea6c135c6fa9a"
"md","workshop-page-process","wds","wds/workflows/4-ux-design/data/page-creation-flows/workshop-page-process.md","7cb2560753858174833f6e9859b83fa38b96af0941e1af84fa829b5a9a871273"
"yaml","config","wds","wds/config.yaml","df6fa1a16ac49268d7fc30d3748fc642f3f4d71bcc76406c437cd26ac3aa8965"
"yaml","design-delivery.template","wds","wds/workflows/4-ux-design/templates/design-delivery.template.yaml","90f89ab05cfedb482866af69bfb78e4b466b3772ce99ebca835a1b0790f2c957"
"yaml","platform-requirements.template","wds","wds/workflows/1-project-brief/templates/platform-requirements.template.yaml","35c1c99f144f6ab59a20257f735a25bdea6ebfff21854b7cf62f361fcf2643e6"
"yaml","test-scenario.template","wds","wds/workflows/4-ux-design/templates/test-scenario.template.yaml","569a9395d560a98bf051832da082deec61b56176fea2131c6c178e06867354d4"
"yaml","work-file-template","wds","wds/workflows/5-agentic-development/templates/work-file-template.yaml","a11370277e14a50678069808e979239e17ecab181cadd4e984b4999d84eb521f"
